Tên SP,Nhà sản xuất,Model,Kết nối,Kích thước,Loại switch,Cân nặng,Giá(đ)
Bàn phím cơ DarkFlash GD100 Milky Brown Yellow Axis switch - Hàng Giá Sốc,DarkFlash,3108,không dây,358.07547169811323,pink,1013.0098039215686,449000 
Bàn phím cơ DarkFlash GD108 Sugar Brown Yellow Axis switch,DarkFlash,GD108,không dây,358.07547169811323,silver,1013.0098039215686,849000 
Bàn phím DarkFlash V200 Wireless Green,DarkFlash,GM980,không dây,358.07547169811323,brown,369.0,349000 
Bàn phím DarkFlash V200 Wireless Pink,DarkFlash,FL100,không dây,358.07547169811323,green,369.0,349000 
Bàn phím DarkFlash V200 Wireless White,DarkFlash,EK387L,không dây,358.07547169811323,black,369.0,349000 
Bàn phím cơ DareU EK98 Pro Triple Mode Proto DareU Dream switch,DareU,FL680SAM,không dây,392.0,green,925.0,1189000 
Bàn phím cơ DareU EK98 Pro Triple Mode Black Golden DareU Dream switch,DareU,CMK98SAM,không dây,392.0,red,925.0,1189000 
Bàn phím cơ DarkFlash GD68 Starry Blue Yellow Axis switch,DarkFlash,3068B,không dây,358.07547169811323,brown,1013.0098039215686,649000 
Bàn phím cơ DarkFlash GD68 Sugar Brown Yellow Axis switch,DarkFlash,H87S,không dây,358.07547169811323,cherry,1013.0098039215686,649000 
Bàn phím cơ DarkFlash GD68 Milky Brown Yellow Axis switch,DarkFlash,CMK87,không dây,358.07547169811323,white,1013.0098039215686,649000 
Bàn phím cơ DarkFlash GD87 Sugar Brown Yellow Axis switch,DarkFlash,CMK98SAM,không dây,358.07547169811323,red,1013.0098039215686,649000 
Bàn phím cơ DarkFlash GD87 Starry Blue Yellow Axis switch,DarkFlash,EK387L,không dây,358.07547169811323,blue,1013.0098039215686,649000 
Bàn phím cơ Fuhlen D87s RGB Blue switch,Fuhlen,D87s,không dây,358.07547169811323,blue,1013.0098039215686,599000 
Bàn phím cơ DareU EK87L V2 White Dream switch,DareU,EK398,vừa có dây vừa không dây,358.07547169811323,silver,1013.0098039215686,399000 
Bàn phím cơ DarkFlash GD100 Milky Brown Yellow Axis switch,DarkFlash,FL980,không dây,358.07547169811323,pink,1013.0098039215686,549000 
Bàn phím cơ DareU EK75 White Black DareU Dream switch,DareU,EK75,vừa có dây vừa không dây,358.07547169811323,cherry,1013.0098039215686,589000 
Bàn phím cơ DareU EK87L V2 Black Firefly switch,DareU,EK87,vừa có dây vừa không dây,358.07547169811323,white,1013.0098039215686,399000 
Bộ switch DareU FIREFLY ,DareU,FL680SAM,vừa có dây vừa không dây,358.07547169811323,brown,1013.0098039215686,99000 
Bộ switch DareU DREAM ,DareU,H87S,có dây,358.07547169811323,cherry,1013.0098039215686,99000 
Bàn phím cơ DareU EK87L V2 Black Dream switch,DareU,EK368L,vừa có dây vừa không dây,358.07547169811323,black,1013.0098039215686,399000 
Bàn phím cơ E-DRA EK368L Wireless Beta Brown switch,E-DRA,EK368L,không dây,358.07547169811323,brown,1013.0098039215686,449000 
Bàn phím cơ E-DRA EK368L Wireless Alpha Brown switch,E-DRA,EK368L,không dây,358.07547169811323,brown,1013.0098039215686,449000 
Bàn phím cơ E-DRA EK368L Wireless Alpha Red switch,E-DRA,EK368L,không dây,358.07547169811323,red,1013.0098039215686,449000 
Bàn phím cơ E-DRA EK368L Wireless Beta Red switch,E-DRA,EK368L,không dây,358.07547169811323,red,1013.0098039215686,449000 
Bàn phím cơ E-DRA EK3104L Beta Red switch,E-DRA,EK3104L,có dây,358.07547169811323,red,1013.0098039215686,619000 
Bàn phím cơ E-DRA EK3104L Beta Brown switch,E-DRA,EK3104L,không dây,358.07547169811323,brown,1013.0098039215686,619000 
Bàn phím cơ E-DRA EK3104L Beta Blue switch,E-DRA,EK3104L,vừa có dây vừa không dây,358.07547169811323,blue,1013.0098039215686,619000 
Bàn phím cơ E-DRA EK3104L Alpha Blue switch,E-DRA,EK3104L,không dây,358.07547169811323,blue,1013.0098039215686,619000 
Bàn phím cơ E-DRA EK3104L Alpha Brown switch,E-DRA,EK3104L,không dây,358.07547169811323,brown,1013.0098039215686,619000 
Bàn phím cơ E-DRA EK3104L Alpha Red switch,E-DRA,EK3104L,không dây,358.07547169811323,red,1013.0098039215686,619000 
Bàn phím cơ FL-Esports OG104 Classic White 3 Mode Kailh Cool Mint V2 switch,FL-Esports,MonsGeek,vừa có dây vừa không dây,358.07547169811323,white,1013.0098039215686,2699000 
Bàn phím cơ FL-Esports OG104 Classic White 3 Mode Kailh Ice Silver switch,FL-Esports,V500,vừa có dây vừa không dây,358.07547169811323,silver,1013.0098039215686,2699000 
Bàn phím cơ FL-Esports OG104 Retro Grey 3 Mode Kailh Cool Mint V2 switch,FL-Esports,D87s,vừa có dây vừa không dây,358.07547169811323,cherry,1013.0098039215686,2699000 
Bàn phím cơ FL-Esports OG104 Retro Grey 3 Mode Kailh Ice Silver switch,FL-Esports,FL100,vừa có dây vừa không dây,358.07547169811323,silver,1013.0098039215686,2699000 
Bàn phím cơ FL-Esports OG87 Classic White 3 Mode Kailh Cool Mint V2 switch,FL-Esports,EK368L,vừa có dây vừa không dây,358.07547169811323,yellow,1013.0098039215686,2199000 
Bàn phím cơ FL-Esports OG87 Classic White 3 Mode Kailh Ice Silver switch,FL-Esports,CMK98SAM,vừa có dây vừa không dây,358.07547169811323,silver,1013.0098039215686,2199000 
Bàn phím cơ FL-Esports OG87 Retro Grey 3 Mode Kailh Cool Mint V2 switch,FL-Esports,FL680SAM,vừa có dây vừa không dây,358.07547169811323,yellow,1013.0098039215686,2199000 
Bàn phím cơ FL-Esports OG87 Retro Grey 3 Mode Kailh Ice Silver switch,FL-Esports,GM980,vừa có dây vừa không dây,358.07547169811323,silver,1013.0098039215686,2199000 
Bàn phím cơ FL-Esports OG98 White Grey 3 Mode Kailh Cool Mint V2 switch,FL-Esports,3108,vừa có dây vừa không dây,358.07547169811323,black,1013.0098039215686,2199000 
Bàn phím cơ FL-Esports OG98 White Grey 3 Mode Kailh Ice Silver switch,FL-Esports,3068B,vừa có dây vừa không dây,358.07547169811323,silver,1013.0098039215686,2199000 
Bàn phím cơ FL-Esports OG98 White Green 3 Mode Kailh Cool Mint V2 switch,FL-Esports,MonsGeek,vừa có dây vừa không dây,358.07547169811323,blue,1013.0098039215686,2199000 
Bàn phím cơ FL-Esports OG98 White Green 3 Mode Kailh Ice Silver switch,FL-Esports,EK387L,vừa có dây vừa không dây,358.07547169811323,silver,1013.0098039215686,2199000 
Bàn phím cơ E-DRA EK398L Wireless Alpha Blue switch,E-DRA,EK398L,vừa có dây vừa không dây,358.07547169811323,blue,1013.0098039215686,649000 
Bàn phím cơ E-DRA EK398L Wireless Alpha Brown switch,E-DRA,EK398L,không dây,358.07547169811323,brown,1013.0098039215686,649000 
Bàn phím cơ E-DRA EK398L Wireless Alpha Red switch,E-DRA,EK398L,vừa có dây vừa không dây,358.07547169811323,red,1013.0098039215686,649000 
Bàn phím cơ E-DRA EK398L Wireless Beta Blue switch,E-DRA,EK398L,có dây,358.07547169811323,blue,1013.0098039215686,649000 
Bàn phím cơ E-DRA EK398L Wireless Beta Brown switch,E-DRA,EK398L,không dây,358.07547169811323,brown,1013.0098039215686,649000 
Bàn phím cơ E-DRA EK398L Wireless Beta Red switch,E-DRA,EK398L,không dây,358.07547169811323,red,1013.0098039215686,649000 
Bàn phím cơ Razer Blackwidow V4 Yellow switch,Razer,Blackwidow,có dây,358.07547169811323,yellow,1013.0098039215686,3989000 
Bàn phím cơ AKKO 3098B Plus Multi-modes Black Wireless Akko V3 Cream Blue switch,AKKO,K70,có dây,382.0,blue,1100.0,1499000 
Bàn phím cơ AKKO 3098B Plus Multi-modes Black Wireless Akko V3 Cream Yellow switch,AKKO,EK87,có dây,382.0,yellow,1100.0,1499000 
Bàn phím cơ DareU EK87 V2 White Blue switch,DareU,EK87,không dây,358.07547169811323,blue,1013.0098039215686,479000 
Bàn phím cơ DareU EK87 V2 Black Red switch,DareU,EK87,không dây,358.07547169811323,red,1013.0098039215686,479000 
Bàn phím cơ DareU EK87 V2 Black Brown switch,DareU,EK87,không dây,358.07547169811323,brown,1013.0098039215686,479000 
Bàn phím cơ DareU EK87 V2 Black Blue switch,DareU,EK87,vừa có dây vừa không dây,358.07547169811323,blue,1013.0098039215686,479000 
Bộ switch DareU FIREFLY ,DareU,EK398,không dây,358.07547169811323,cherry,1013.0098039215686,149000 
Bộ switch DareU DREAM ,DareU,3098,có dây,358.07547169811323,cherry,1013.0098039215686,149000 
Bàn phím cơ E-DRA EK3287 Brown switch,E-DRA,EK387L,không dây,358.07547169811323,brown,1013.0098039215686,399000 
Bàn phím cơ E-DRA EK387L Blue switch,E-DRA,EK387L,không dây,358.07547169811323,blue,1013.0098039215686,539000 
Bàn phím cơ E-DRA EK387L Brown switch,E-DRA,EK387L,không dây,358.07547169811323,brown,1013.0098039215686,539000 
Bàn phím cơ E-DRA EK368L Wireless Beta Blue switch,E-DRA,EK368L,không dây,358.07547169811323,blue,1013.0098039215686,449000 
Bàn phím cơ E-DRA EK368L Wireless Alpha Blue switch,E-DRA,EK368L,không dây,358.07547169811323,blue,1013.0098039215686,449000 
Bàn phím cơ E-DRA EK375 Alpha Blue switch,E-DRA,EK375,có dây,358.07547169811323,blue,1013.0098039215686,549000 
Bàn phím cơ E-DRA EK375 Alpha Brown switch,E-DRA,EK375,không dây,358.07547169811323,brown,1013.0098039215686,549000 
Bàn phím cơ E-DRA EK375 Alpha Red switch,E-DRA,EK375,vừa có dây vừa không dây,358.07547169811323,red,1013.0098039215686,549000 
Bàn phím cơ E-DRA EK375 Beta Blue switch,E-DRA,EK375,vừa có dây vừa không dây,358.07547169811323,blue,1013.0098039215686,549000 
Bàn phím cơ E-DRA EK375 Beta Brown switch,E-DRA,EK375,có dây,358.07547169811323,brown,1013.0098039215686,549000 
Bàn phím cơ E-DRA EK375 Beta Red switch,E-DRA,EK375,có dây,358.07547169811323,red,1013.0098039215686,549000 
Bàn phím cơ Logitech G512 RGB GX Red switch,Logitech,V500,có dây,358.07547169811323,silver,1013.0098039215686,1979000 
Bàn phím cơ Logitech G512 RGB GX Brown switch,Logitech,EK384,vừa có dây vừa không dây,358.07547169811323,brown,1013.0098039215686,1979000 
Bàn phím cơ Fuhlen H75S Panda 3 Mode Wireless Fuhlen Brown Pro switch,Fuhlen,ROG,vừa có dây vừa không dây,358.07547169811323,red,1013.0098039215686,1699000 
Bàn phím cơ Fuhlen H75S Panda 3 Mode Wireless Fuhlen Red Pro switch,Fuhlen,FL980,vừa có dây vừa không dây,358.07547169811323,white,1013.0098039215686,1699000 
Bàn phím cơ Fuhlen H75S Panda 3 Mode Wireless Fuhlen Yellow Pro switch,Fuhlen,3108,có dây,358.07547169811323,blue,1013.0098039215686,1699000 
Bàn phím cơ Razer Blackwidow V3 Tenkeyless Yellow switch,Razer,Blackwidow,vừa có dây vừa không dây,358.07547169811323,yellow,1013.0098039215686,1589000 
Bàn phím cơ DareU EK75 Full White DareU Firefly switch,DareU,EK75,có dây,358.07547169811323,blue,1013.0098039215686,589000 
Bàn phím cơ DareU EK75 Full White DareU Dream switch,DareU,EK75,có dây,358.07547169811323,brown,1013.0098039215686,589000 
Bàn phím cơ DareU EK75 White Black DareU Firefly switch,DareU,EK75,không dây,358.07547169811323,pink,1013.0098039215686,589000 
Bàn phím cơ NEWMEN GM328 White Grey Blue switch,NEWMEN,MonsGeek,vừa có dây vừa không dây,358.07547169811323,blue,1013.0098039215686,529000 
Bàn phím cơ DarkFlash GD100 Sugar Brown Yellow Axis switch,DarkFlash,EK375,không dây,358.07547169811323,black,1013.0098039215686,599000 
Bàn phím cơ Asus ROG Azoth Wireless NX Red switch,Asus,ROG,không dây,358.07547169811323,red,1013.0098039215686,6189000 
Bàn phím cơ DareU EK1280S V2 Blue switch,DareU,3068B,không dây,358.07547169811323,blue,1013.0098039215686,689000 
Bàn phím cơ E-DRA EK375 Pro Alpha Red switch,E-DRA,EK375,không dây,358.07547169811323,red,1013.0098039215686,1089000 
Bàn phím cơ E-DRA EK375 Pro Beta Red switch,E-DRA,EK375,không dây,358.07547169811323,red,1013.0098039215686,1089000 
Bàn phím cơ E-DRA EK375 Pro Alpha Brown switch,E-DRA,EK375,không dây,358.07547169811323,brown,1013.0098039215686,1089000 
Bàn phím cơ E-DRA EK375 Pro Beta Brown switch,E-DRA,EK375,không dây,358.07547169811323,brown,1013.0098039215686,1089000 
Bàn phím cơ E-DRA EK398 Alpha Blue switch,E-DRA,EK398,vừa có dây vừa không dây,358.07547169811323,blue,1013.0098039215686,479000 
Bàn phím cơ E-DRA EK398 Alpha Brown switch,E-DRA,EK398,có dây,358.07547169811323,brown,1013.0098039215686,479000 
Bàn phím cơ E-DRA EK398 Alpha Red switch,E-DRA,EK398,vừa có dây vừa không dây,358.07547169811323,red,1013.0098039215686,479000 
Bàn phím cơ E-DRA EK398 Beta Blue switch,E-DRA,EK398,có dây,358.07547169811323,blue,1013.0098039215686,479000 
Bàn phím cơ E-DRA EK398 Beta Brown switch,E-DRA,EK398,không dây,358.07547169811323,brown,1013.0098039215686,479000 
Bàn phím cơ E-DRA EK398 Beta Red switch,E-DRA,EK398,có dây,358.07547169811323,red,1013.0098039215686,479000 
Bàn phím cơ E-DRA EK312 Alpha Red switch,E-DRA,EK312,vừa có dây vừa không dây,44.0,red,750.0,569000 
Bàn phím cơ E-DRA EK312 Alpha Blue switch,E-DRA,EK312,có dây,44.0,blue,750.0,569000 
Bàn phím cơ E-DRA EK312 Alpha Brown switch,E-DRA,EK312,vừa có dây vừa không dây,44.0,brown,750.0,569000 
Bàn phím cơ E-DRA EK312 Beta Blue switch,E-DRA,EK312,có dây,44.0,blue,750.0,569000 
Bàn phím cơ E-DRA EK312 Beta Brown switch,E-DRA,EK312,không dây,44.0,brown,750.0,569000 
Bàn phím cơ E-DRA EK312 Beta Red switch,E-DRA,EK312,có dây,44.0,red,750.0,569000 
Bàn phím cơ DareU EK75 Pro Triple Mode WBC DareU Dream switch,DareU,EK75,không dây,333.0,green,740.0,1049000 
Bàn phím cơ Fuhlen H108S Panda 3 Mode Wireless Fuhlen Red Pro switch,Fuhlen,3098,có dây,358.07547169811323,black,1013.0098039215686,1799000 
Bàn phím cơ Fuhlen H108S Panda 3 Mode Wireless Fuhlen Yellow Pro switch,Fuhlen,V500,vừa có dây vừa không dây,358.07547169811323,pink,1013.0098039215686,1799000 
Bàn phím cơ Fuhlen H108S Panda 3 Mode Wireless Fuhlen Brown Pro switch,Fuhlen,H87S,có dây,358.07547169811323,white,1013.0098039215686,1799000 
Bàn phím cơ DarkFlash GD108 Starry Blue Yellow Axis switch,DarkFlash,GD108,không dây,358.07547169811323,silver,1013.0098039215686,849000 
Bàn phím cơ DarkFlash GD108 Milky Brown Yellow Axis switch,DarkFlash,GD108,không dây,358.07547169811323,red,1013.0098039215686,849000 
Bàn phím cơ DareU EK75 Pro Triple Mode Black Golden DareU Firefly switch,DareU,EK75,không dây,333.0,blue,740.0,1049000 
Bàn phím cơ E-DRA EK384 Triple Mode Wireless Beta Red switch,E-DRA,EK384,không dây,312.0,red,750.0,799000 
Bàn phím cơ E-DRA EK384 Triple Mode Wireless Beta Blue switch,E-DRA,EK384,không dây,312.0,blue,750.0,799000 
Bàn phím cơ E-DRA EK384 Triple Mode Wireless Beta Brown switch,E-DRA,EK384,không dây,312.0,brown,750.0,799000 
Bàn phím cơ E-DRA EK384 Triple Mode Wireless Alpha Brown switch,E-DRA,EK384,không dây,312.0,brown,750.0,799000 
Bàn phím cơ E-DRA EK384 Triple Mode Wireless Alpha Blue switch,E-DRA,EK384,không dây,312.0,blue,750.0,799000 
Bàn phím cơ DareU EK75 Pro Triple Mode Black Golden DareU Dream switch,DareU,EK75,không dây,333.0,red,740.0,1049000 
Bàn phím Logitech G213 Prodigy RGB,Logitech,EK398L,vừa có dây vừa không dây,358.07547169811323,brown,1013.0098039215686,949000 
Bàn phím cơ E-DRA EK387L RGB Brown switch,E-DRA,EK387L,vừa có dây vừa không dây,358.07547169811323,brown,1013.0098039215686,649000 
Bàn phím cơ E-DRA EK387L RGB Red switch,E-DRA,EK387L,không dây,358.07547169811323,red,1013.0098039215686,649000 
Bàn phím cơ E-DRA EK387L RGB Blue switch,E-DRA,EK387L,không dây,358.07547169811323,blue,1013.0098039215686,649000 
Bàn phím cơ DareU EK1280 V2 RGB Blue switch,DareU,CMK98SAM,không dây,358.07547169811323,blue,1013.0098039215686,849000 
Bàn phím cơ DareU EK1280 V2 RGB Brown switch,DareU,CMK87,không dây,358.07547169811323,brown,1013.0098039215686,849000 
Bàn phím cơ DareU EK1280 V2 RGB Red switch,DareU,EK384,có dây,358.07547169811323,red,1013.0098039215686,849000 
Bàn phím cơ Logitech G512 RGB GX Blue switch,Logitech,3087,không dây,358.07547169811323,white,1013.0098039215686,1849000 
Bàn phím cơ DareU EK1280S V2 Red switch,DareU,FL680SAM,có dây,358.07547169811323,red,1013.0098039215686,689000 
Bàn phím cơ DareU EK1280S V2 Brown switch,DareU,3087,có dây,358.07547169811323,brown,1013.0098039215686,689000 
Bàn phím cơ FL-Esports CMK75 SAM Desert Grey FLCMMK Ice Pink switch,FL-Esports,EK87,không dây,358.07547169811323,pink,1013.0098039215686,2189000 
Bàn phím cơ FL-Esports CMK75 SAM Lake Placid Blue FLCMMK Ice Violet switch,FL-Esports,CMK87,không dây,358.07547169811323,green,1013.0098039215686,2189000 
Bàn phím cơ FL-Esports CMK75 SAM Lake Placid Blue FLCMMK Ice Pink switch,FL-Esports,D87s,không dây,358.07547169811323,pink,1013.0098039215686,2189000 
Bàn phím cơ FL-Esports CMK75 SAM Desert Grey FLCMMK Ice Violet switch,FL-Esports,GM980,không dây,358.07547169811323,brown,1013.0098039215686,2189000 
Bàn phím cơ Razer Blackwidow V3 Tenkeyless Green switch,Razer,Blackwidow,không dây,358.07547169811323,green,1013.0098039215686,1589000 
Bàn phím cơ DareU EK810 Red switch,DareU,GM980,không dây,358.07547169811323,red,1013.0098039215686,579000 
Bàn phím cơ DareU EK810 Brown switch,DareU,3098,không dây,358.07547169811323,brown,1013.0098039215686,579000 
Bàn phím cơ DareU EK810 Blue switch,DareU,EK375,không dây,358.07547169811323,blue,1013.0098039215686,579000 
Bàn phím cơ E-DRA EK313 Blue switch,E-DRA,K70,vừa có dây vừa không dây,358.07547169811323,blue,1013.0098039215686,469000 
Bàn phím cơ Fuhlen Subverter RGB,Fuhlen,EK398,vừa có dây vừa không dây,358.07547169811323,red,1013.0098039215686,999000 
Bàn phím cơ Fuhlen D ,Fuhlen,3068B,không dây,358.07547169811323,brown,1013.0098039215686,880000 
Bàn phím cơ Fuhlen E ,Fuhlen,FL100,có dây,358.07547169811323,cherry,1013.0098039215686,789000 
Bàn phím cơ E-DRA EK398 Pro Wireless Red switch,E-DRA,EK398,không dây,358.07547169811323,red,1013.0098039215686,1289000 
Bàn phím cơ E-DRA EK398 Pro Wireless Brown switch,E-DRA,EK398,không dây,358.07547169811323,brown,1013.0098039215686,1289000 
Bàn phím cơ E-DRA EK398 Pro Wireless Blue switch,E-DRA,EK398,không dây,358.07547169811323,blue,1013.0098039215686,1289000 
Bàn phím cơ Logitech G Pro X 60 LightSpeed Wireless Tactile switch,Logitech,FL100,không dây,358.07547169811323,white,1013.0098039215686,4589000 
Bàn phím cơ Fuhlen D87s RGB Brown switch,Fuhlen,D87s,không dây,358.07547169811323,brown,1013.0098039215686,560000 
Bàn phím cơ DarkFlash DF98 Twilight Wireless Yellow switch,DarkFlash,V500,không dây,358.07547169811323,yellow,1013.0098039215686,1299000 
Bàn phím cơ DareU EK87L V2 White Firefly switch,DareU,Blackwidow,có dây,358.07547169811323,yellow,1013.0098039215686,399000 
Bàn phím cơ E-DRA EK312 Alpha Blue switch- Hàng Giá Sốc,E-DRA,EK312,vừa có dây vừa không dây,44.0,blue,750.0,399000 
Bàn phím cơ NEWMEN GM326 White Brown switch,NEWMEN,Blackwidow,không dây,358.07547169811323,brown,1013.0098039215686,549000 
Bàn phím cơ E-DRA EK375 Beta Blue switch - Hàng Giá Sốc,E-DRA,EK375,không dây,358.07547169811323,blue,1013.0098039215686,449000 
Bàn phím cơ E-DRA EK384 Triple Mode Wireless Beta Blue switch,E-DRA,EK384,không dây,312.0,blue,750.0,799000 
Bàn phím cơ E-DRA EK384 Triple Mode Wireless Alpha Brown switch- Hàng Giá Sốc,E-DRA,EK384,không dây,312.0,brown,750.0,649000 
Bàn phím cơ E-DRA EK384 Triple Mode Wireless Alpha Blue switch- Hàng Giá Sốc,E-DRA,EK384,không dây,312.0,blue,750.0,649000 
Bàn phím cơ E-DRA EK368L Wireless Beta Red switch- Hàng Giá Sốc,E-DRA,EK368L,không dây,358.07547169811323,red,1013.0098039215686,349000 
Bàn phím cơ E-DRA EK368L Wireless Alpha Brown switch- Hàng Giá Sốc,E-DRA,EK368L,không dây,358.07547169811323,brown,1013.0098039215686,349000 
Bàn phím cơ E-DRA EK368L Wireless Alpha Blue switch - Hàng Giá Sốc,E-DRA,EK368L,không dây,358.07547169811323,blue,1013.0098039215686,349000 
Bàn phím cơ E-DRA EK387L RGB Brown switch- Hàng Giá Sốc,E-DRA,EK387L,không dây,358.07547169811323,brown,1013.0098039215686,399000 
Bàn phím cơ E-DRA EK387L RGB Blue switch- Hàng Giá Sốc,E-DRA,EK387L,vừa có dây vừa không dây,358.07547169811323,blue,1013.0098039215686,399000 
Bàn phím cơ DarkFlash GD108 Milky Brown Yellow Axis switch- Hàng Giá Sốc,DarkFlash,GD108,không dây,358.07547169811323,white,1013.0098039215686,699000 
Bàn phím cơ DareU EK87 V2 Black Brown switch - Hàng Giá Sốc,DareU,EK87,vừa có dây vừa không dây,358.07547169811323,brown,1013.0098039215686,399000 
Bàn phím cơ Asus ROG Strix Scope II 96 Wireless NX Snow switch,Asus,ROG,vừa có dây vừa không dây,358.07547169811323,green,1013.0098039215686,3889000 
Bàn phím cơ FL-Esports FL980 CPS White Olivia Kailh Box Red switch,FL-Esports,FL980,không dây,358.07547169811323,red,1013.0098039215686,1099000 
Bàn phím cơ Asus ROG Azoth Wireless White NX Red switch,Asus,ROG,không dây,358.07547169811323,red,1013.0098039215686,5499000 
Bàn phím cơ Razer Huntsman V3 Pro Analog Optical switch,Razer,GP75,có dây,358.07547169811323,brown,1013.0098039215686,6189000 
Bàn phím cơ Razer Blackwidow V4 X Yellow switch,Razer,Blackwidow,vừa có dây vừa không dây,358.07547169811323,yellow,1013.0098039215686,2989000 
Bàn phím cơ AKKO MonsGeek MG75 Prunus Lannesiana Akko V3 Cream Blue switch,AKKO,MonsGeek,có dây,333.0,blue,1013.0098039215686,899000 
Bàn phím Razer Ornata V3,Razer,EK75,không dây,358.07547169811323,silver,1013.0098039215686,1489000 
Bàn phím Razer Ornata V3 X,Razer,H87S,không dây,358.07547169811323,silver,1013.0098039215686,889000 
Bàn phím cơ DareU EK87 V2 White Red switch,DareU,EK87,không dây,358.07547169811323,red,1013.0098039215686,479000 
Bàn phím cơ DareU EK87 V2 White Brown switch,DareU,EK87,không dây,358.07547169811323,brown,1013.0098039215686,479000 
Bàn phím cơ DareU A98 Pro Triple Mode Red Wave DareU Dream switch,DareU,D87s,không dây,358.07547169811323,blue,1013.0098039215686,2289000 
Bàn phím cơ DareU A98 Pro Triple Mode Tiramisu DareU Dream switch,DareU,MonsGeek,không dây,358.07547169811323,yellow,1013.0098039215686,2289000 
Bàn phím cơ DareU A98 Pro Triple Mode Timeless DareU Dream switch,DareU,3108,không dây,358.07547169811323,black,1013.0098039215686,2289000 
Bàn phím cơ DareU EK807G Wireless Blue switch,DareU,3108,vừa có dây vừa không dây,358.07547169811323,blue,1013.0098039215686,299000 
Bàn phím cơ Fuhlen H87S Panda V2 3 Mode Wireless Fuhlen Yellow Pro switch,Fuhlen,H87S,vừa có dây vừa không dây,358.07547169811323,blue,1013.0098039215686,1599000 
Bàn phím cơ Fuhlen H87S Panda V2 3 Mode Wireless Fuhlen Red Pro switch,Fuhlen,H87S,có dây,358.07547169811323,yellow,1013.0098039215686,1599000 
Bàn phím cơ Fuhlen H87S Panda V2 3 Mode Wireless Fuhlen Brown Pro switch,Fuhlen,H87S,có dây,358.07547169811323,brown,1013.0098039215686,1599000 
Bàn phím cơ Razer Blackwidow V4 75% Orange Gen-3 switch,Razer,Blackwidow,không dây,358.07547169811323,red,1013.0098039215686,4589000 
Bàn phím cơ Logitech G Pro X TKL LightSpeed Wireless White Tactile switch,Logitech,H87S,có dây,358.07547169811323,silver,1013.0098039215686,3989000 
Bàn phím cơ Logitech G Pro X TKL LightSpeed Wireless Tactile switch,Logitech,CMK98SAM,không dây,358.07547169811323,blue,1013.0098039215686,3989000 
Bàn phím cơ E-DRA EK3287 Blue switch,E-DRA,EK384,có dây,358.07547169811323,blue,1013.0098039215686,399000 
Bàn phím cơ E-DRA EK3287 Red switch,E-DRA,EK398L,không dây,358.07547169811323,red,1013.0098039215686,399000 
Bàn phím cơ E-DRA EK387L Pink Blue switch,E-DRA,EK387L,vừa có dây vừa không dây,358.07547169811323,blue,1013.0098039215686,549000 
Bàn phím cơ E-DRA EK387L Pink Brown switch,E-DRA,EK387L,có dây,358.07547169811323,brown,1013.0098039215686,549000 
Bàn phím cơ E-DRA EK387L Pink Red switch,E-DRA,EK387L,vừa có dây vừa không dây,358.07547169811323,red,1013.0098039215686,549000 
Bàn phím cơ E-DRA EK314W Wireless Blue switch,E-DRA,FL980,có dây,358.07547169811323,blue,1013.0098039215686,349000 
Bàn phím cơ E-DRA EK314W Wireless Brown switch,E-DRA,CMK87,không dây,358.07547169811323,brown,1013.0098039215686,349000 
Bàn phím cơ AKKO 3108 RF Black on White Wireless Akko V3 Cream Blue switch,AKKO,3108,có dây,440.0,blue,1200.0,1489000 
Bàn phím cơ không dây AKKO 3087 RF Dragon Ball Z – Goku Akko V3 Cream Blue switch,AKKO,3087,có dây,360.0,blue,950.0,1589000 
Bàn phím cơ AKKO 3087 RF One Piece – Luffy Akko V3 Cream Blue switch,AKKO,3087,có dây,360.0,blue,950.0,1589000 
Bàn phím cơ NEWMEN GM326 White Blue switch,NEWMEN,H95S,vừa có dây vừa không dây,358.07547169811323,blue,1013.0098039215686,549000 
Bàn phím cơ AKKO 3087 RF White on Black Wireless Akko V3 Cream Blue switch,AKKO,3087,có dây,360.0,blue,950.0,1099000 
Bàn phím cơ AKKO 3087 RF Black on White Wireless Akko V3 Cream Blue switch,AKKO,3087,có dây,360.0,blue,950.0,1389000 
Bàn phím cơ AKKO 3087 RF Black on White Wireless Akko V3 Cream Yellow switch,AKKO,3087,có dây,360.0,yellow,950.0,1389000 
Bàn phím cơ AKKO 3108 RF White on Black Wireless Akko V3 Cream Blue switch,AKKO,3108,có dây,440.0,blue,1200.0,1489000 
Bàn phím cơ AKKO 3108 RF Sailor Moon Crystal Akko CS Sakura switch,AKKO,3108,có dây,440.0,silver,1200.0,1899000 
Bàn phím cơ AKKO 3108 RF Dragon Ball Z – Goku Akko V3 Cream Blue switch,AKKO,3108,có dây,440.0,blue,1200.0,1789000 
Bàn phím cơ E-DRA EK387L Red switch,E-DRA,EK387L,không dây,358.07547169811323,red,1013.0098039215686,539000 
Bàn phím cơ Fuhlen D87s RGB Red switch,Fuhlen,D87s,có dây,358.07547169811323,red,1013.0098039215686,599000 
Bàn phím cơ E-DRA EK398X Alpha Optical Blue switch,E-DRA,EK75,có dây,358.07547169811323,blue,1013.0098039215686,849000 
Bàn phím cơ Fuhlen T87s Pro Wireless White Fuhlen Pro Brown switch,Fuhlen,EK3104L,có dây,358.07547169811323,brown,1013.0098039215686,1099000 
Bàn phím cơ Fuhlen T87s Pro Wireless White Fuhlen Pro Red switch,Fuhlen,EK87,có dây,358.07547169811323,red,1013.0098039215686,1099000 
Bàn phím cơ FL-Esports FL980 CPS Aqua Green Kailh Box Brown switch,FL-Esports,FL980,có dây,358.07547169811323,brown,1013.0098039215686,1189000 
Bàn phím cơ FL-Esports FL980 CPS White Olivia Kailh Box Brown switch,FL-Esports,FL980,vừa có dây vừa không dây,358.07547169811323,brown,1013.0098039215686,1189000 
Bàn phím cơ FL-Esports FL980 CPS Aqua Green Kailh Box Red switch,FL-Esports,FL980,không dây,358.07547169811323,red,1013.0098039215686,1189000 
Bàn phím cơ AKKO 3098 RF Dracula Castle Wireless Akko V3 Cream Blue Pro switch,AKKO,3098,có dây,382.0,black,1100.0,1589000 
Bàn phím cơ AKKO 3098 RF Dracula Castle Wireless Akko V3 Cream Yellow Pro switch,AKKO,3098,có dây,382.0,brown,1100.0,1589000 
Bàn phím cơ AKKO 3087 RF Ocean Star Wireless Akko CS Haze Pink switch,AKKO,3087,có dây,360.0,pink,950.0,1389000 
Bàn phím cơ AKKO 3108 RF White on Black Wireless Akko V3 Cream Yellow switch,AKKO,3108,có dây,440.0,yellow,1200.0,1489000 
Bàn phím cơ AKKO World Tour - Tokyo 3108 Akko Orange switch V2,AKKO,EK312,vừa có dây vừa không dây,358.07547169811323,pink,1013.0098039215686,1589000 
Bàn phím cơ AKKO 3108 RF Matcha Red Bean Wireless Akko V3 Cream Yellow switch,AKKO,3108,có dây,440.0,yellow,1200.0,1489000 
Bàn phím cơ AKKO 3087 RF Matcha Red Bean Wireless Akko V3 Cream Yellow switch,AKKO,3087,có dây,360.0,yellow,950.0,1389000 
Bàn phím cơ AKKO 3087 RF Matcha Red Bean Wireless Akko V3 Cream Blue switch,AKKO,3087,có dây,360.0,blue,950.0,1389000 
Bàn phím cơ AKKO 3108 RF Ocean Star Wireless Akko V3 Cream Yellow switch,AKKO,3108,có dây,440.0,yellow,1200.0,1489000 
Bàn phím cơ AKKO 3108 RF Black on White Wireless Akko V3 Cream Yellow switch,AKKO,3108,có dây,440.0,yellow,1200.0,1489000 
Bàn phím cơ AKKO 3087 RF White on Black Wireless Akko V3 Cream Yellow switch,AKKO,3087,có dây,360.0,yellow,950.0,1389000 
Bàn phím cơ AKKO 3087 RF One Piece – Luffy Akko V3 Cream Yellow switch,AKKO,3087,có dây,360.0,yellow,950.0,1589000 
Bàn phím cơ AKKO 3108 RF One Piece – Luffy Akko V3 Cream Yellow switch,AKKO,3108,có dây,440.0,yellow,1200.0,1789000 
Bàn phím cơ AKKO 3108 RF Matcha Red Bean Wireless Akko CS Wine Red switch,AKKO,3108,có dây,440.0,red,1200.0,1489000 
Bàn phím cơ AKKO 3108 RF White on Black Wireless Akko CS Wine White switch,AKKO,3108,có dây,440.0,white,1200.0,1489000 
Bàn phím cơ AKKO 3108 RF White on Black Wireless Akko CS Wine Red switch,AKKO,3108,có dây,440.0,red,1200.0,1489000 
Bàn phím cơ AKKO 3087 RF Dragon Ball Z – Goku Akko V3 Cream Yellow switch,AKKO,3087,có dây,360.0,yellow,950.0,1589000 
Bàn phím cơ AKKO 3087 RF Matcha Red Bean Wireless Akko CS Haze Pink switch,AKKO,3087,có dây,360.0,pink,950.0,1389000 
Bàn phím cơ AKKO 3108 RF One Piece – Luffy Akko V3 Cream Blue switch,AKKO,3108,có dây,440.0,blue,1200.0,1789000 
Bàn phím cơ AKKO 3108 RF Matcha Red Bean Wireless Akko V3 Cream Blue switch,AKKO,3108,có dây,440.0,blue,1200.0,1489000 
Bàn phím cơ AKKO 5075B Plus-S Multi-modes Dracula Castle Wireless Akko V3 Cream Yellow Pro switch,AKKO,5075B,có dây,335.0,silver,1100.0,2289000 
Bàn phím cơ AKKO 3068B Plus Multi-modes World Tour Tokyo R2 Akko CS Jelly Purple switch,AKKO,3068B,có dây,316.0,red,640.0,1099000 
Bàn phím cơ AKKO 3068B Plus Multi-modes Black Gold Akko CS TTC Princess switch,AKKO,3068B,có dây,316.0,brown,640.0,1199000 
Bàn phím cơ AKKO 3068B Plus Multi-modes Black & Pink TTC Demon switch,AKKO,3068B,có dây,316.0,pink,640.0,1199000 
Bàn phím cơ Razer Blackwidow V4 Pro Yellow switch,Razer,Blackwidow,không dây,358.07547169811323,yellow,1013.0098039215686,5089000 
Bàn phím cơ Fuhlen H75S Panda 3 Mode Wireless Fuhlen Silver Pro switch,Fuhlen,D87s,vừa có dây vừa không dây,358.07547169811323,green,1013.0098039215686,1699000 
Bàn phím cơ Fuhlen T87s Pro Wireless Black Fuhlen Pro Brown switch,Fuhlen,CMK98SAM,có dây,358.07547169811323,brown,1013.0098039215686,1099000 
Bàn phím cơ Fuhlen T87s Pro Wireless Black Fuhlen Pro Red switch,Fuhlen,EK384,không dây,358.07547169811323,red,1013.0098039215686,1099000 
Bàn phím cơ FL-Esports FL750 Metal Heart 3 Mode Gasket Mount Gateron Pro Yellow switch,FL-Esports,FL750,không dây,358.07547169811323,yellow,1013.0098039215686,1799000 
Bàn phím cơ NEWMEN GM328 White Grey Red switch,NEWMEN,FL680SAM,vừa có dây vừa không dây,358.07547169811323,red,1013.0098039215686,529000 
Bàn phím cơ NEWMEN GM328 Purple White Red switch,NEWMEN,EK368L,vừa có dây vừa không dây,358.07547169811323,red,1013.0098039215686,529000 
Bàn phím cơ NEWMEN GM328 Purple White Blue switch,NEWMEN,EK3104L,không dây,358.07547169811323,blue,1013.0098039215686,529000 
Bàn phím cơ DarkFlash GD100 Starry Blue Yellow Axis switch,DarkFlash,ROG,không dây,358.07547169811323,black,1013.0098039215686,599000 
Bàn phím cơ Asus Strix Scope DELUXE Red switch,Asus,5075B,có dây,358.07547169811323,red,1013.0098039215686,2199000 
Bàn phím cơ không dây AKKO 5075B Plus Multi-modes Dracula Castle Akko V3 Cream Blue switch,AKKO,5075B,có dây,335.0,blue,1100.0,1789000 
Bàn phím Fuhlen G411S,Fuhlen,3098,có dây,358.07547169811323,white,1013.0098039215686,249000 
Bàn phím cơ E-DRA EK375 Pro Alpha Blue switch,E-DRA,EK375,không dây,358.07547169811323,blue,1013.0098039215686,1089000 
Bàn phím cơ E-DRA EK375 Pro Beta Blue switch,E-DRA,EK375,không dây,358.07547169811323,blue,1013.0098039215686,1089000 
Bàn phím cơ FL-Esports GP75 CPM Taro Purple 3 Mode TTC Venus switch,FL-Esports,GP75,vừa có dây vừa không dây,358.07547169811323,black,1013.0098039215686,2089000 
Bàn phím cơ DareU EK75 Pro Triple Mode WBC DareU Firefly switch,DareU,EK75,không dây,333.0,blue,740.0,1049000 
Bàn phím cơ AKKO 3108 RF Black on White Wireless Akko CS Wine White switch,AKKO,3108,có dây,440.0,white,1200.0,1449000 
Bàn phím cơ AKKO 5075B Plus Multi-modes Blue on White Akko V3 Cream Blue switch,AKKO,5075B,có dây,335.0,blue,1100.0,1999000 
Bàn phím cơ AKKO 3068B Plus Multi-modes Prunus Lannesiana Akko CS Jelly Purple switch,AKKO,3068B,có dây,316.0,green,640.0,1299000 
Bàn phím Rapoo V500 Alloy Blue switch,Rapoo,V500,không dây,358.07547169811323,blue,1013.0098039215686,399000 
Keycap E-Dra Merry Christmas Resin,E-DRA,H87S,có dây,358.07547169811323,red,1013.0098039215686,499000 
Bàn phím cơ Asus ROG Strix SCOPE II NX Snow switch,Asus,ROG,có dây,358.07547169811323,black,1013.0098039215686,2989000 
Bàn phím cơ Corsair K63 Red switch,Corsair,FL100,có dây,358.07547169811323,red,1013.0098039215686,1499000 
Bàn phím cơ Logitech G813 LIGHTSYNC RGB Linear,Logitech,EK375,không dây,358.07547169811323,green,1013.0098039215686,2999000 
Bàn phím cơ AKKO 5108B Plus Multi-modes Demon Slayer – Kamado Nezuko Akko CS Crystal switch,AKKO,FL980,có dây,440.0,yellow,1200.0,2599000 
Bàn phím cơ Cidoo V65 Dual Mode Wireless Cidoo Matt Grey switch,Cidoo,EK398,không dây,358.07547169811323,red,1013.0098039215686,2799000 
Bàn phím cơ Cidoo V87 Pro Tri-Mode Wireless Cidoo Matt Grey switch,Cidoo,GP75,không dây,358.07547169811323,pink,1013.0098039215686,3299000 
Bàn phím cơ Cidoo V75 Pro Tri-Mode Wireless Cidoo Matt Grey switch,Cidoo,EK398L,có dây,358.07547169811323,yellow,1013.0098039215686,3199000 
Bàn phím cơ AKKO MonsGeek MG108 Black & Cyan Akko CS Wine Red switch,AKKO,MonsGeek,có dây,445.0,red,1150.0,999000 
Bàn phím cơ AKKO MonsGeek MG108 Prunus Lannesiana Akko CS Wine Red switch,AKKO,MonsGeek,có dây,445.0,red,1150.0,999000 
Bàn phím cơ AKKO MonsGeek MG108 Prunus Lannesiana Akko CS Wine White switch,AKKO,MonsGeek,có dây,445.0,white,1150.0,999000 
Bàn phím cơ AKKO MonsGeek MG108 Black & Cyan Akko CS Wine White switch,AKKO,MonsGeek,có dây,445.0,white,1150.0,999000 
Bàn phím cơ AKKO MonsGeek MG75 Prunus Lannesiana Akko V3 Cream Yellow switch,AKKO,MonsGeek,có dây,333.0,yellow,1013.0098039215686,999000 
Bàn phím cơ AKKO MonsGeek MG75 Black & Cyan Akko V3 Cream Blue switch,AKKO,MonsGeek,có dây,333.0,blue,1013.0098039215686,999000 
Bàn phím cơ AKKO 5108S Naraka Blade Point Akko CS Silver switch,AKKO,3068B,có dây,442.0,silver,1500.0,1799000 
Bàn phím cơ AKKO MOD007 PC Blue on White Akko CS Piano switch,AKKO,V500,có dây,333.0,pink,1000.0,1499000 
Bàn phím cơ Infinity Hades Blue switch,DarkFlash,GD108,vừa có dây vừa không dây,358.07547169811323,green,1013.0098039215686,699000 
Bàn phím cơ MSI Vigor GK50 Low Profile,MSI,EK375,không dây,358.07547169811323,black,1013.0098039215686,1999000 
Bàn phím cơ Asus ROG Strix Scope II RX Red switch,Asus,ROG,có dây,358.07547169811323,red,1013.0098039215686,3990000 
Bàn phím Rapoo V500 Pro 87 Dual Mode Wireless Red switch,Rapoo,V500,không dây,358.07547169811323,red,1013.0098039215686,589000 
Bàn phím Rapoo V500 Pro 87 Dual Mode Wireless Brown switch,Rapoo,V500,không dây,358.07547169811323,brown,1013.0098039215686,589000 
Bàn phím Rapoo V500 Pro 87 Dual Mode Wireless Blue switch,Rapoo,V500,không dây,358.07547169811323,blue,1013.0098039215686,399000 
Bàn phím cơ FL-Esports GP75 CPM Taro Purple 3 Mode Kailh Box V2 Red switch,FL-Esports,GP75,không dây,358.07547169811323,red,1013.0098039215686,1799000 
Bàn phím cơ FL-Esports GP75 CPM Taro Purple 3 Mode Kailh Box V2 Brown switch,FL-Esports,GP75,vừa có dây vừa không dây,358.07547169811323,brown,1013.0098039215686,1799000 
Bàn phím cơ FL-Esports GP75 CPM Taro Purple 3 Mode TTC Neptune switch,FL-Esports,GP75,vừa có dây vừa không dây,358.07547169811323,cherry,1013.0098039215686,2089000 
Bàn phím cơ FL-Esports GP75 CPM Polar Night 3 Mode TTC Venus switch,FL-Esports,GP75,không dây,358.07547169811323,brown,1013.0098039215686,2089000 
Bàn phím cơ FL-Esports GP75 CPM Polar Night 3 Mode TTC Neptune switch,FL-Esports,GP75,vừa có dây vừa không dây,358.07547169811323,pink,1013.0098039215686,2089000 
Bàn phím cơ FL-Esports GP75 CPM Polar Night 3 Mode Kailh Box V2 Red switch,FL-Esports,GP75,không dây,358.07547169811323,red,1013.0098039215686,1799000 
Bàn phím cơ FL-Esports GP75 CPM Polar Night 3 Mode Kailh Box V2 Brown switch,FL-Esports,GP75,có dây,358.07547169811323,brown,1013.0098039215686,1799000 
Bàn phím cơ Fuhlen H87S Panda V2 3 Mode Wireless Fuhlen Silver Pro switch,Fuhlen,H87S,có dây,358.07547169811323,white,1013.0098039215686,1799000 
Bàn phím cơ Fuhlen H108S Panda 3 Mode Wireless Fuhlen Silver Pro switch,Fuhlen,GM980,không dây,358.07547169811323,white,1013.0098039215686,1799000 
Bàn phím cơ Fuhlen H95S Panda 3 Mode Wireless Fuhlen Red Pro switch,Fuhlen,H95S,vừa có dây vừa không dây,358.07547169811323,blue,1013.0098039215686,1799000 
Bàn phím cơ Fuhlen H95S Panda 3 Mode Wireless Fuhlen Yellow Pro switch,Fuhlen,H95S,có dây,358.07547169811323,cherry,1013.0098039215686,1799000 
Bàn phím cơ Fuhlen H95S Panda 3 Mode Wireless Fuhlen Silver Pro switch,Fuhlen,H95S,có dây,358.07547169811323,blue,1013.0098039215686,1799000 
Bàn phím cơ Fuhlen H95S Panda 3 Mode Wireless Fuhlen Brown Pro switch,Fuhlen,H95S,có dây,358.07547169811323,green,1013.0098039215686,1799000 
Bàn phím cơ FL-Esports FL750 Polar Night 3 Mode Gasket Mount Kailh MX Cool Mint switch,FL-Esports,FL750,có dây,358.07547169811323,blue,1013.0098039215686,1999000 
Bàn phím cơ AKKO 5075B Plus Multi-modes Dracula Castle Akko V3 Cream Yellow switch,AKKO,5075B,có dây,335.0,yellow,1100.0,1789000 
Bàn phím cơ FL-Esports FL750 White Olivia 3 Mode Gasket Mount Gateron Pro Yellow switch,FL-Esports,FL750,không dây,358.07547169811323,yellow,1013.0098039215686,1999000 
Bàn phím cơ FL-Esports FL750 Polar Night 3 Mode Gasket Mount Kailh Box V2 Brown switch,FL-Esports,FL750,không dây,358.07547169811323,brown,1013.0098039215686,1999000 
Bàn phím cơ FL-Esports FL750 Marshmallow 3 Mode Gasket Mount Kailh Box V2 Red switch,FL-Esports,FL750,không dây,358.07547169811323,red,1013.0098039215686,1999000 
Bàn phím cơ FL-Esports FL750 Metal Heart 3 Mode Gasket Mount Kailh Box V2 Red switch,FL-Esports,FL750,không dây,358.07547169811323,red,1013.0098039215686,1999000 
Bàn phím cơ AKKO 3098S One Piece Akko Jelly White switch,AKKO,GD108,có dây,382.0,white,1100.0,1999000 
Bàn phím cơ E-DRA EK384 Triple Mode Wireless Alpha Red switch,E-DRA,EK384,không dây,312.0,red,750.0,799000 
Bàn phím cơ Logitech G913 TKL LIGHTSPEED Wireless Tactile,Logitech,GD108,vừa có dây vừa không dây,358.07547169811323,cherry,1013.0098039215686,3689000 
Bàn phím cơ Logitech G913 TKL LIGHTSPEED Wireless Clicky,Logitech,H87S,không dây,358.07547169811323,green,1013.0098039215686,3689000 
Bàn phím cơ Logitech G913 TKL LIGHTSPEED Wireless Linear,Logitech,MonsGeek,vừa có dây vừa không dây,358.07547169811323,cherry,1013.0098039215686,3689000 
Bàn phím cơ Corsair K70 RGB Pro Silent switch,Corsair,K70,vừa có dây vừa không dây,358.07547169811323,blue,1013.0098039215686,3999000 
Bàn phím cơ Corsair K70 RGB Pro Brown switch,Corsair,K70,vừa có dây vừa không dây,358.07547169811323,brown,1013.0098039215686,3749000 
Bàn phím cơ Corsair K70 RGB Pro Red switch,Corsair,K70,vừa có dây vừa không dây,358.07547169811323,red,1013.0098039215686,3749000 
Bàn phím cơ Corsair K70 RGB Pro Blue switch,Corsair,K70,không dây,358.07547169811323,blue,1013.0098039215686,3749000 
Bàn phím cơ Corsair K70 RGB Pro Speed switch,Corsair,K70,có dây,358.07547169811323,yellow,1013.0098039215686,3849000 
Bàn phím cơ AKKO 5075B Plus Multi-modes Blue on White Akko V3 Cream Yellow switch,AKKO,5075B,có dây,335.0,yellow,1100.0,1999000 
Bàn phím cơ Fuhlen H99S Panda V2 Wireless Fuhlen Yellow Pro switch,Fuhlen,3108,vừa có dây vừa không dây,358.07547169811323,cherry,1013.0098039215686,1989000 
Bàn phím cơ Fuhlen G108S Panda V2 Wireless Fuhlen Yellow Pro switch,Fuhlen,3087,vừa có dây vừa không dây,358.07547169811323,brown,1013.0098039215686,2089000 
Bàn phím cơ Corsair K70 MAX RGB Magnetic Corsair MGX switch,Corsair,K70,có dây,358.07547169811323,pink,1013.0098039215686,5989000 
Bàn phím cơ AOC GK500 RGB Blue switch,AOC,EK398L,không dây,358.07547169811323,blue,1013.0098039215686,499000 
Bàn phím cơ E-DRA EK300 Katana Optical ,E-DRA,EK75,có dây,358.07547169811323,white,1013.0098039215686,849000 
Bàn phím cơ AKKO 3098 RF World Tour London Wireless Akko V3 Cream Blue Pro switch,AKKO,3098,có dây,382.0,brown,1100.0,1689000 
Bàn phím cơ AKKO 3098 RF World Tour London Wireless Akko V3 Cream Yellow Pro switch,AKKO,3098,có dây,382.0,brown,1100.0,1689000 
Bàn phím cơ Cidoo ABM641 Dual Mode Yellow Wireless Gateron G Pro Yellow switch,Cidoo,GD108,vừa có dây vừa không dây,358.07547169811323,yellow,1013.0098039215686,2689000 
Bàn phím cơ Cidoo V21 Tri-Mode Wireless Cidoo Matt Grey switch,Cidoo,H87S,không dây,358.07547169811323,yellow,1013.0098039215686,1289000 
Bàn phím cơ Cidoo ABM641 Dual Mode Wireless Gateron G Pro Yellow switch,Cidoo,3098,có dây,358.07547169811323,yellow,1013.0098039215686,2689000 
Bàn phím cơ Fuhlen CK87S RGB Fuhlen Pro Red switch,Fuhlen,ROG,có dây,358.07547169811323,red,1013.0098039215686,989000 
Bàn phím cơ AKKO 3108 RF Black on White Wireless Akko CS Wine Red switch,AKKO,3108,có dây,440.0,red,1200.0,1489000 
Bàn phím cơ AKKO MonsGeek MG75 Black & Cyan Akko V3 Cream Yellow switch,AKKO,MonsGeek,có dây,333.0,yellow,1013.0098039215686,1049000 
Bàn phím cơ Asus ROG Claymore II Wireless Optical Red switch,Asus,ROG,vừa có dây vừa không dây,358.07547169811323,red,1013.0098039215686,5599000 
Bàn phím cơ AKKO 5108B Plus Multi-modes Demon Slayer – Kamado Tanjirou Akko CS Crystal switch,AKKO,3108,có dây,440.0,yellow,1200.0,2689000 
Bàn phím Rapoo V500 Pro Blue switch,Rapoo,V500,không dây,434.0,blue,1013.0098039215686,799000 
Bàn phím cơ AKKO 3108 RF Dragon Ball Z – Goku Akko V3 Cream Yellow switch,AKKO,3108,có dây,440.0,yellow,1200.0,1789000 
Bàn phím cơ E-DRA EK314W Wireless Red switch,E-DRA,3087,vừa có dây vừa không dây,358.07547169811323,red,1013.0098039215686,479000 
Bàn phím cơ NEWMEN GM980 Nebula Gasket Wireless Box White switch,NEWMEN,GM980,vừa có dây vừa không dây,391.0,white,1500.0,3099000 
Bàn phím cơ NEWMEN GM980 Sun Gasket Wireless Box White switch,NEWMEN,GM980,vừa có dây vừa không dây,391.0,white,1500.0,3099000 
Bàn phím cơ NEWMEN GM980 Sun Gasket Wireless NAT Style switch,NEWMEN,GM980,vừa có dây vừa không dây,391.0,brown,1500.0,3099000 
Bàn phím cơ NEWMEN GM980 Starry Gasket Wireless Box White switch,NEWMEN,GM980,vừa có dây vừa không dây,391.0,white,1500.0,3099000 
Bàn phím cơ NEWMEN GM980 Starry Gasket Wireless NAT Style switch,NEWMEN,GM980,vừa có dây vừa không dây,391.0,pink,1500.0,3099000 
Bàn phím cơ NEWMEN GM980 Nebula Gasket Wireless Starry Sky switch,NEWMEN,GM980,vừa có dây vừa không dây,391.0,silver,1500.0,3099000 
Bàn phím cơ NEWMEN GM980 Nebula Gasket Wireless NAT Style switch,NEWMEN,GM980,vừa có dây vừa không dây,391.0,black,1500.0,3099000 
Bàn phím cơ NEWMEN GM980 Starry Gasket Wireless Starry Sky switch,NEWMEN,GM980,vừa có dây vừa không dây,391.0,cherry,1500.0,3099000 
Bàn phím cơ NEWMEN GM980 Sun Gasket Wireless Starry Sky switch,NEWMEN,GM980,vừa có dây vừa không dây,391.0,blue,1500.0,3099000 
Bàn phím cơ AKKO 5075B Plus Multi-modes Black & Cyan Akko CS Wine Red switch,AKKO,5075B,có dây,335.0,red,1100.0,2089000 
Bàn phím cơ AKKO MonsGeek MG108 Doll of Princess Akko V3 Cream Yellow switch,AKKO,MonsGeek,có dây,445.0,yellow,1150.0,1289000 
Bàn phím cơ AKKO MonsGeek MG108 Doll of Princess Akko V3 Cream Blue switch,AKKO,MonsGeek,có dây,445.0,blue,1150.0,1289000 
Bàn phím cơ AKKO MonsGeek MG108 Black & Pink Akko V3 Cream Yellow switch,AKKO,MonsGeek,có dây,445.0,yellow,1150.0,1289000 
Bàn phím cơ AKKO MonsGeek MG108 Black & Pink Akko V3 Cream Blue switch,AKKO,MonsGeek,có dây,445.0,blue,1150.0,1289000 
Bàn phím cơ AKKO 3068B Plus Multi-modes Black Gold Akko CS Jelly Pink switch,AKKO,3068B,có dây,316.0,pink,640.0,1789000 
Bàn phím cơ AKKO 3068B Plus Multi-modes Black Gold Akko CS Jelly Purple switch,AKKO,3068B,có dây,316.0,red,640.0,1789000 
Bàn phím cơ FL-Esports FL100 CPM Gradient Ink Wireless Kailh Box Red switch,FL-Esports,FL100,không dây,358.07547169811323,red,1013.0098039215686,1989000 
Bàn phím cơ FL-Esports FL100 CPM Gradient Ink Wireless FLCMMK Ice Violet switch,FL-Esports,FL100,không dây,358.07547169811323,green,1013.0098039215686,1989000 
Bàn phím cơ FL-Esports FL100 CPM Gradient Ink Wireless FLCMMK Ice Pink switch,FL-Esports,FL100,không dây,358.07547169811323,pink,1013.0098039215686,1989000 
Bàn phím cơ FL-Esports FL100 CPM White Olivia Wireless FLCMMK Ice Pink switch,FL-Esports,FL100,không dây,358.07547169811323,pink,1013.0098039215686,1989000 
Bàn phím cơ FL-Esports FL100 CPM Marshmallow Wireless FLCMMK Ice Blue switch,FL-Esports,FL100,không dây,358.07547169811323,blue,1013.0098039215686,1989000 
Bàn phím cơ FL-Esports FL100 CPM Marshmallow Wireless FLCMMK Ice Violet switch,FL-Esports,FL100,không dây,358.07547169811323,silver,1013.0098039215686,1989000 
Bàn phím cơ FL-Esports FL100 CPM Marshmallow Wireless FLCMMK Ice Pink switch,FL-Esports,FL100,không dây,358.07547169811323,pink,1013.0098039215686,1989000 
Bàn phím cơ FL-Esports FL100 CPM White Olivia Wireless FLCMMK Ice Blue switch,FL-Esports,FL100,không dây,358.07547169811323,blue,1013.0098039215686,1989000 
Bàn phím cơ FL-Esports FL100 CPM White Olivia Wireless FLCMMK Ice Violet switch,FL-Esports,FL100,không dây,358.07547169811323,cherry,1013.0098039215686,1989000 
Bàn phím cơ FL-Esports FL100 CPM Gradient Wireless FLCMMK Ice Pink switch,FL-Esports,FL100,không dây,358.07547169811323,pink,1013.0098039215686,2089000 
Bàn phím cơ FL-Esports CMK87 SAM 3 Mode Wireless Tropical Forest Kailh MX Cool Mint switch,FL-Esports,CMK87,không dây,358.07547169811323,red,1013.0098039215686,3489000 
Bàn phím cơ FL-Esports CMK87 SAM 3 Mode Wireless Tropical Forest Kailh Box Tropical Forest switch,FL-Esports,CMK87,không dây,358.07547169811323,white,1013.0098039215686,3489000 
Bàn phím cơ FL-Esports CMK87 CPM 3 Mode Wireless Metal Heart Kailh Box Red switch,FL-Esports,CMK87,không dây,358.07547169811323,red,1013.0098039215686,3189000 
Bàn phím cơ FL-Esports CMK87 SAM 3 Mode Wireless Cool Mint Kailh Box Red switch,FL-Esports,CMK87,không dây,358.07547169811323,red,1013.0098039215686,3189000 
Bàn phím cơ FL-Esports CMK87 SAM 3 Mode Wireless Cool Mint Kailh Box White switch,FL-Esports,CMK87,không dây,358.07547169811323,white,1013.0098039215686,3189000 
Bàn phím cơ FL-Esports CMK87 CPM 3 Mode Wireless Metal Heart FLCMMK Cercis switch,FL-Esports,CMK87,không dây,358.07547169811323,cherry,1013.0098039215686,3589000 
Bàn phím cơ FL-Esports CMK87 CPM 3 Mode Wireless Metal Heart Kailh Box White switch,FL-Esports,CMK87,không dây,358.07547169811323,white,1013.0098039215686,3189000 
Bàn phím cơ FL-Esports CMK87 CPM 3 Mode Wireless Metal Heart Kailh MX Cool Mint switch,FL-Esports,CMK87,không dây,358.07547169811323,white,1013.0098039215686,3589000 
Bàn phím cơ FL-Esports CMK87 SAM 3 Mode Wireless Polar Night Black Kailh Box Red switch,FL-Esports,CMK87,không dây,358.07547169811323,red,1013.0098039215686,3189000 
Bàn phím cơ FL-Esports CMK87 SAM 3 Mode Wireless Polar Night Black Kailh Box White switch,FL-Esports,CMK87,không dây,358.07547169811323,white,1013.0098039215686,3189000 
Bàn phím cơ FL-Esports CMK87 CPM 3 Mode Wireless Metal Heart Kailh Box Cool Mint switch,FL-Esports,CMK87,không dây,358.07547169811323,cherry,1013.0098039215686,3489000 
Bàn phím cơ FL-Esports CMK87 SAM 3 Mode Wireless Marshmallow Kailh Box Red switch,FL-Esports,CMK87,không dây,358.07547169811323,red,1013.0098039215686,3189000 
Bàn phím cơ FL-Esports CMK87 SAM 3 Mode Wireless Marshmallow Kailh Box Brown switch,FL-Esports,CMK87,không dây,358.07547169811323,brown,1013.0098039215686,3189000 
Bàn phím cơ FL-Esports CMK87 SAM 3 Mode Wireless Marshmallow Kailh Box White switch,FL-Esports,CMK87,không dây,358.07547169811323,white,1013.0098039215686,3189000 
Bàn phím cơ FL-Esports CMK87 SAM 3 Mode Wireless Tropical Forest Kailh Box Marshmallow switch,FL-Esports,CMK87,không dây,358.07547169811323,cherry,1013.0098039215686,3199000 
Bàn phím cơ AKKO 3108 RF Ocean Star Wireless Akko CS Haze Pink switch,AKKO,3108,có dây,440.0,pink,1200.0,1489000 
Bàn phím cơ AKKO MOD007 PC Orange on Black Akko CS Piano switch,AKKO,H87S,có dây,333.0,pink,1000.0,2389000 
Bàn phím cơ FL-Esports FL750 Polar Night 3 Mode Gasket Mount Kailh Box V2 Red switch,FL-Esports,FL750,vừa có dây vừa không dây,358.07547169811323,red,1013.0098039215686,2189000 
Bàn phím cơ FL-Esports FL750 White Olivia 3 Mode Gasket Mount Gateron Pro White switch,FL-Esports,FL750,có dây,358.07547169811323,white,1013.0098039215686,2189000 
Bàn phím cơ FL-Esports FL750 Marshmallow 3 Mode Gasket Mount Kailh Box V2 Brown switch,FL-Esports,FL750,có dây,358.07547169811323,brown,1013.0098039215686,2189000 
Bàn phím cơ FL-Esports FL750 Metal Heart 3 Mode Gasket Mount Gateron Pro White switch,FL-Esports,FL750,không dây,358.07547169811323,white,1013.0098039215686,2189000 
Bàn phím cơ FL-Esports FL750 White Olivia 3 Mode Gasket Mount Kailh Box V2 Red switch,FL-Esports,FL750,không dây,358.07547169811323,red,1013.0098039215686,2189000 
Bàn phim cơ FL-Esports Q75 3 Mode Wireless Gasket Mount Blue Haze Kailh Box Rosa switch,FL-Esports,3068B,vừa có dây vừa không dây,358.07547169811323,cherry,1013.0098039215686,2599000 
Bàn phím Rapoo V500 Pro 87 Multi Mode Wireless Brown switch,Rapoo,V500,không dây,358.07547169811323,brown,1013.0098039215686,699000 
Bàn phím Rapoo V500 Pro 87 Multi Mode Wireless Red switch,Rapoo,V500,không dây,358.07547169811323,red,1013.0098039215686,699000 
Bàn phím Rapoo V500 Pro 87 Multi Mode Wireless Blue switch,Rapoo,V500,không dây,358.07547169811323,blue,1013.0098039215686,699000 
Bàn phím cơ FL-Esports GP87CP White Gray Gasket Mount Gateron Pro White switch,FL-Esports,GD108,không dây,358.07547169811323,white,1013.0098039215686,1499000 
Bàn phím Rapoo V500 Alloy Red switch,Rapoo,V500,có dây,358.07547169811323,red,1013.0098039215686,389000 
Bàn phím Rapoo V500 Alloy Brown switch,Rapoo,V500,vừa có dây vừa không dây,358.07547169811323,brown,1013.0098039215686,389000 
Bàn phím cơ FL-Esports CMK98SA Graphite Green Kailh Box Cool Mint switch,FL-Esports,EK312,vừa có dây vừa không dây,358.07547169811323,brown,1013.0098039215686,3599000 
Bàn phím cơ FL-Esports CMK98SA Graphite Green Kailh Box Deep Sea Silent switch,FL-Esports,FL100,không dây,358.07547169811323,green,1013.0098039215686,3599000 
Bàn phím cơ FL-Esports FL750 Marshmallow 3 Mode Gasket Mount Kailh Box Cool Mint switch,FL-Esports,FL750,có dây,358.07547169811323,yellow,1013.0098039215686,2589000 
Bàn phím cơ FL-Esports FL750 Marshmallow 3 Mode Gasket Mount Kailh MX Cool Mint switch,FL-Esports,FL750,không dây,358.07547169811323,white,1013.0098039215686,2489000 
Bàn phím cơ AKKO 3108 RF Ocean Star Wireless Akko V3 Cream Blue switch,AKKO,3108,có dây,440.0,blue,1200.0,1489000 
Bàn phím cơ AKKO 3087 RF Ocean Star Wireless Akko V3 Cream Blue switch,AKKO,3087,có dây,360.0,blue,950.0,1389000 
Bàn phím cơ DareU EK1280x Black Grey Optical switch,DareU,3098,không dây,358.07547169811323,yellow,1013.0098039215686,799000 
Bàn phím cơ Logitech G715 Aurora Wireless Linear switch,Logitech,EK87,không dây,358.07547169811323,brown,1013.0098039215686,3489000 
Bàn phím cơ Logitech G715 Aurora Wireless Tactile switch,Logitech,3087,không dây,358.07547169811323,black,1013.0098039215686,3489000 
Bàn phím cơ FL-Esports CMK99SAM 3 Mode Wireless Taichi TTC Gold Pink V2 switch,FL-Esports,EK384,không dây,358.07547169811323,green,1013.0098039215686,4099000 
Bàn phím cơ FL-Esports CMK98SAM 3 Mode Wireless Marshmallow Kailh Box Red switch,FL-Esports,CMK98SAM,không dây,358.07547169811323,red,1013.0098039215686,3749000 
Bàn phím cơ FL-Esports CMK98SAM 3 Mode Wireless Marshmallow Kailh Box White switch,FL-Esports,CMK98SAM,không dây,358.07547169811323,white,1013.0098039215686,3749000 
Bàn phím cơ FL-Esports CMK98SAM 3 Mode Wireless Marshmallow Kailh Box V2 Brown switch,FL-Esports,CMK98SAM,không dây,358.07547169811323,brown,1013.0098039215686,3749000 
Bàn phím cơ Corsair K100 RGB Midnight Gold OPX switch,Corsair,3087,có dây,358.07547169811323,pink,1013.0098039215686,6499000 
Bàn phím Rapoo V500 Pro Yellow Blue Blue switch,Rapoo,V500,có dây,358.07547169811323,blue,1013.0098039215686,749000 
Bàn phím Rapoo V500 Pro Yellow Blue Brown switch,Rapoo,V500,vừa có dây vừa không dây,358.07547169811323,brown,1013.0098039215686,749000 
Bàn phím Rapoo V500 Pro Yellow Blue Red switch,Rapoo,V500,vừa có dây vừa không dây,358.07547169811323,red,1013.0098039215686,749000 
Bàn phím Rapoo V500 Pro Pink White Blue switch,Rapoo,V500,không dây,358.07547169811323,blue,1013.0098039215686,749000 
Bàn phím Rapoo V500 Pro Pink White Brown switch,Rapoo,V500,vừa có dây vừa không dây,358.07547169811323,brown,1013.0098039215686,749000 
Bàn phím Rapoo V500 Pro Pink White Red switch,Rapoo,V500,có dây,358.07547169811323,red,1013.0098039215686,749000 
Bàn phím Rapoo V500 Pro Cyan Blue Brown switch,Rapoo,V500,vừa có dây vừa không dây,358.07547169811323,brown,1013.0098039215686,749000 
Bàn phím Rapoo V500 Pro Cyan Blue Red switch,Rapoo,V500,không dây,358.07547169811323,red,1013.0098039215686,749000 
Bàn phím Rapoo V500 Pro Cyan Blue Blue switch,Rapoo,V500,vừa có dây vừa không dây,358.07547169811323,blue,1013.0098039215686,749000 
Bàn phím Rapoo V500 Pro Red switch,Rapoo,V500,không dây,434.0,red,1013.0098039215686,599000 
Bàn phím Rapoo V500 Pro Brown switch,Rapoo,V500,không dây,434.0,brown,1013.0098039215686,599000 
Bàn phím cơ Corsair K100 RGB OPX switch,Corsair,3098,vừa có dây vừa không dây,358.07547169811323,red,1013.0098039215686,5599000 
Bàn phím cơ Corsair K100 RGB Speed switch,Corsair,EK387L,vừa có dây vừa không dây,358.07547169811323,white,1013.0098039215686,5599000 
Bàn phím cơ FL-Esports FL680SAM Peach Wireless Gateron Cap Silver switch,FL-Esports,FL680SAM,không dây,358.07547169811323,silver,1013.0098039215686,2099000 
Bàn phím cơ FL-Esports FL680SAM Purple Wireless Gateron Cap Brown switch,FL-Esports,FL680SAM,không dây,358.07547169811323,brown,1013.0098039215686,2099000 
Bàn phím cơ FL-Esports FL680SAM Purple Wireless Gateron Cap White switch,FL-Esports,FL680SAM,không dây,358.07547169811323,white,1013.0098039215686,2099000 
Bàn phím cơ Logitech G413 SE TKL,Logitech,EK75,không dây,358.07547169811323,silver,1013.0098039215686,1299000 
Bàn phím cơ Logitech G413 SE,Logitech,EK384,không dây,358.07547169811323,black,1013.0098039215686,1499000 
Bàn phím Rapoo V50S,Rapoo,GP75,không dây,358.07547169811323,silver,1013.0098039215686,329000 
Bàn phím cơ Fuhlen D87s RGB White Brown switch,Fuhlen,D87s,có dây,358.07547169811323,brown,1013.0098039215686,799000 
Bàn phím cơ Fuhlen D87s RGB White Blue switch,Fuhlen,D87s,vừa có dây vừa không dây,358.07547169811323,blue,1013.0098039215686,799000 
Bàn phím cơ Corsair K70 Pro Mini RGB Wireless Red switch,Corsair,K70,vừa có dây vừa không dây,358.07547169811323,red,1013.0098039215686,4489000 
Bàn phím Acer Predator Aethon 301 TKL,MSI,D87s,không dây,371.0,white,970.0,179000 
Bàn phím cơ FL-Esports CMK98SAM 3 Mode Wireless Metal Heart Kailh Jellyfish switch,FL-Esports,CMK98SAM,không dây,358.07547169811323,red,1013.0098039215686,3599000 
Bàn phím cơ FL-Esports CMK98SAM 3 Mode Wireless Tropical Forest Kailh Box Red switch,FL-Esports,CMK98SAM,không dây,358.07547169811323,red,1013.0098039215686,3499000 
Bàn phím cơ FL-Esports CMK98SAM 3 Mode Wireless Tropical Forest Kailh MX Cool Mint switch,FL-Esports,CMK98SAM,không dây,358.07547169811323,cherry,1013.0098039215686,3899000 
Bàn phim cơ FL-Esports Q75 3 Mode Wireless Gasket Mount Transparent Black Kailh MX Cool Mint switch,FL-Esports,EK384,vừa có dây vừa không dây,358.07547169811323,red,1013.0098039215686,3089000 
Bàn phim cơ FL-Esports Q75 3 Mode Wireless Gasket Mount Transparent White Kailh MX Cool Mint switch,FL-Esports,EK75,vừa có dây vừa không dây,358.07547169811323,red,1013.0098039215686,3089000 
Bàn phím cơ Fuhlen D87s RGB White Red switch,Fuhlen,D87s,không dây,358.07547169811323,red,1013.0098039215686,799000 
Bàn phím cơ Roccat Ryos MK TKL Pro Red switch,DareU,H95S,có dây,358.07547169811323,red,1013.0098039215686,2889000 
Bàn phím TORA KR04,TORA,3068B,vừa có dây vừa không dây,358.07547169811323,black,1013.0098039215686,299000 
Bàn phím cơ Realforce RGB,Realforce,EK368L,có dây,358.07547169811323,green,1013.0098039215686,5489000 
Bàn phím TORA KR05 - giả cơ,TORA,FL750,không dây,358.07547169811323,green,1013.0098039215686,299000 
Bàn phím cơ FL-Esports FL680SAM Aqua Green Wireless Gateron Cap Silver switch,FL-Esports,FL680SAM,không dây,358.07547169811323,silver,1013.0098039215686,2499000 
Bàn phím cơ FL-Esports FL680SAM Aqua Green Wireless Gateron Cap Brown switch,FL-Esports,FL680SAM,không dây,358.07547169811323,brown,1013.0098039215686,2499000 
Bàn phím cơ FL-Esports FL680SAM Aqua Green Wireless Gateron Cap Yellow switch,FL-Esports,FL680SAM,không dây,358.07547169811323,yellow,1013.0098039215686,2499000 
Bàn phím cơ FL-Esports FL680SAM Aqua Green Wireless Gateron Cap White switch,FL-Esports,FL680SAM,không dây,358.07547169811323,white,1013.0098039215686,2499000 
Bàn phím cơ FL-Esports FL680SAM Night Black Wireless Gateron Cap Silver switch,FL-Esports,FL680SAM,không dây,358.07547169811323,silver,1013.0098039215686,2499000 
Bàn phím cơ FL-Esports FL680SAM Night Black Wireless Gateron Cap Brown switch,FL-Esports,FL680SAM,không dây,358.07547169811323,brown,1013.0098039215686,2499000 
Bàn phím cơ FL-Esports FL680SAM Night Black Wireless Gateron Cap Yellow switch,FL-Esports,FL680SAM,không dây,358.07547169811323,yellow,1013.0098039215686,2499000 
Bàn phím cơ FL-Esports FL680SAM Peach Wireless Gateron Cap Brown switch,FL-Esports,FL680SAM,không dây,358.07547169811323,brown,1013.0098039215686,2499000 
Bàn phím cơ FL-Esports FL680SAM Peach Wireless Gateron Cap Yellow switch,FL-Esports,FL680SAM,không dây,358.07547169811323,yellow,1013.0098039215686,2499000 
Bàn phím cơ FL-Esports FL680SAM Peach Wireless Gateron Cap White switch,FL-Esports,FL680SAM,không dây,358.07547169811323,white,1013.0098039215686,2499000 
Bàn phím cơ FL-Esports FL680SAM Banana Wireless Gateron Cap Silver switch,FL-Esports,FL680SAM,không dây,358.07547169811323,silver,1013.0098039215686,2499000 
Bàn phím cơ FL-Esports FL680SAM Banana Wireless Gateron Cap Brown switch,FL-Esports,FL680SAM,không dây,358.07547169811323,brown,1013.0098039215686,2499000 
Bàn phím cơ FL-Esports FL680SAM Banana Wireless Gateron Cap Yellow switch,FL-Esports,FL680SAM,không dây,358.07547169811323,yellow,1013.0098039215686,2499000 
Bàn phím cơ FL-Esports FL680SAM Banana Wireless Gateron Cap White switch,FL-Esports,FL680SAM,không dây,358.07547169811323,white,1013.0098039215686,2499000 
Bàn phím cơ FL-Esports GP108CP Blackish Green Gasket Mount Kailh Box White switch,FL-Esports,H95S,có dây,358.07547169811323,white,1013.0098039215686,2789000 
Bàn phím cơ FL-Esports GP108CP Blackish Green Gasket Mount Kailh Box Red switch,FL-Esports,H95S,không dây,358.07547169811323,red,1013.0098039215686,2789000 
Bàn phím cơ FL-Esports FL680SAM Night Black Wireless Gateron Cap White switch,FL-Esports,FL680SAM,không dây,358.07547169811323,white,1013.0098039215686,2299000 
Bàn phim cơ FL-Esports Q75 3 Mode Wireless Gasket Mount Azure Green Kailh Box Cool Mint switch,FL-Esports,EK384,vừa có dây vừa không dây,358.07547169811323,cherry,1013.0098039215686,3289000 
Bàn phim cơ FL-Esports Q75 3 Mode Wireless Gasket Mount Blue Haze Kailh Box Cool Mint switch,FL-Esports,EK375,vừa có dây vừa không dây,358.07547169811323,yellow,1013.0098039215686,3289000 
Bàn phim cơ FL-Esports Q75 3 Mode Wireless Gasket Mount Azure Green Kailh Box Rosa switch,FL-Esports,3068B,không dây,358.07547169811323,black,1013.0098039215686,3289000 
Bàn phím cơ AKKO 3098S One Piece Akko Silver switch,AKKO,D87s,có dây,382.0,silver,1100.0,2589000 
Bàn phim cơ IQUNIX OG80 Wormhole Wireless Cherry Red switch ,AOC,EK3104L,không dây,325.0,red,1013.0098039215686,4199000 
Bàn phim cơ IQUNIX ZX75 Gravity Wave Cherry Red switch ,NEWMEN,CMK98SAM,không dây,325.0,silver,1013.0098039215686,4699000 
Bàn phím cơ KEYCOOL KC84 RGB 3 Mode Red switch,KEYCOOL,3087,có dây,358.07547169811323,red,725.0,1489000 
Bàn phím cơ KEYCOOL KC84 RGB White 3 Mode Red switch,KEYCOOL,5075B,có dây,358.07547169811323,red,725.0,1489000 
Bàn phím cơ FL-Esports CMK98SAM 3 Mode Wireless Metal Heart Kailh Deep Sea Silent switch,FL-Esports,CMK98SAM,không dây,358.07547169811323,black,1013.0098039215686,3989000 
Bàn phím cơ FL-Esports CMK98SAM 3 Mode Wireless Metal Heart Kailh Box Cool Mint switch,FL-Esports,CMK98SAM,không dây,358.07547169811323,yellow,1013.0098039215686,3989000 
Bàn phím cơ FL-Esports FL680SAM Purple Wireless Gateron Cap Silver switch,FL-Esports,FL680SAM,không dây,358.07547169811323,silver,1013.0098039215686,2299000 
Bàn phím cơ FL-Esports FL680SAM Purple Wireless Gateron Cap Yellow switch,FL-Esports,FL680SAM,không dây,358.07547169811323,yellow,1013.0098039215686,2299000 
Bàn phím cơ Logitech G613 Wireless,Logitech,EK384,có dây,358.07547169811323,cherry,1013.0098039215686,1749000 
Bàn phím Fuhlen L500S,Fuhlen,EK398,có dây,358.07547169811323,blue,1013.0098039215686,179000 
Bàn phím Razer Cynosa V2,Razer,EK75,có dây,358.07547169811323,brown,1013.0098039215686,1589000 
Bàn phím cơ Logitech G813 LIGHTSYNC RGB Tactile,Logitech,CMK98SAM,có dây,358.07547169811323,red,1013.0098039215686,2999000 
Bàn phím cơ Logitech G813 LIGHTSYNC RGB Clicky,Logitech,EK368L,vừa có dây vừa không dây,358.07547169811323,silver,1013.0098039215686,2999000 
Bàn phím cơ DareU EK810X Optical switch ,DareU,EK398,có dây,358.07547169811323,silver,1013.0098039215686,649000 
,E-DRA,EK87,không dây,358.07547169811323,pink,1013.0098039215686,4589000 
Bàn phím cơ E-DRA EK308 Plus RGB Optical ,E-DRA,EK398,vừa có dây vừa không dây,358.07547169811323,white,1013.0098039215686,1099000 
