Tên SP,Nhà sản xuất,Model,Kết nối,Kích thước,Loại switch,Giá(đ)
Bàn phím Gaming ASUS ROG AZOTH,Asus,0,USB 2.0 ,326 x 136 x 40 ,0,6099000
Bàn phím Gaming Asus ROG Azoth NX SM Black ,Asus,90MP031B-BKUA01 ,USB 2.0 ,326 x 136 x 40 ,Đang cập nhật,5999000
Bàn phím Gaming ASUS ROG AZOTH NX RED,Asus,0,USB 2.0 ,326 x 136 x 40 ,0,5999000
Bàn phím cơ Asus ROG Falchion Blue switch 90MP01Y2-BKUA00,Asus,ROG Falchion,USB có dây ,305x101x38.5 ,Blue,1599000
Bàn phím Gaming Asus ROG Strix Scope II NX SM ,Asus,90MP036A-BKUA00 ,USB 2.0 ,436 x 129 x 37,Đang cập nhật,3199000
Bàn phím game Asus TUF K1 ,Asus,0,0,Fullsize,Tactile TUF switch,849000
Bàn phím cơ gaming có dây Rapoo V500 Pro Black ,Rapoo,0,Có dây,434,Blue,629000
Bàn phím AKKO 3108s RGB pro - Pink ,Akko,0,USB,442 x 140 x 40,Cherry Switch,1429000
Bàn phím AKKO 3108s RGB pro - Pink ,Akko,0,USB,442 x 140 x 40,Cherry Switch,1429000
Bàn phím AKKO 3098 DS Matcha Red Bean ,Akko,3098 DS Matcha Red Bean,Có dây,382 x 134 x 40 ,Akko Switch v2,1399000
Bàn phím AKKO 3098 DS Matcha Red Bean ,Akko,3098 DS Matcha Red Bean,Có dây,382 x 134 x 40 ,Akko Switch v2,1399000
Bàn phím cơ Logitech G512 Lightsync RGB Linear ,Logitech,G512 GX,0,"132 x 445 x 35,5 ",GX Brown ,1949000
Bàn phím AKKO 3087 DS Midnight ,Akko,AKKO 3087 DS Midnight R2 ,"USB Type-C, có thể tháo rời",360 x 140 x 40,Akko switch ,1299000
Bàn phím AKKO 3096 DS Midnight ,Akko,AKKO 3096 Midnight ,"USB Type C, có thể tháo rời",380 x 132 x 42,Akko switch ,1299000
Bàn phím Corsair K100 RGB Speed switch ,Corsair,K10,0,0,CHERRY MX Speed,4999000
Bàn phím Corsair K100 RGB Optical switch ,Corsair,K10,0,0,Corsair OPX,4999000
Bàn phím cơ AULA F99 Đen trắng hồng ,AULA,0,0,0,Agile switch,1689000
Bàn phím không dây Asus ROG Falchion NX Blue sw ,Asus,ROG Falchion,0,305 X 101 X 38.5 ,ROG NX Mechanical,3499000
Bàn phím cơ AKKO 3087 RF Dragon Ball Z - Goku ,Akko,0,USB Type-C to Type-A ,360 x 140 x 40,0,1599000
Bàn phím cơ AKKO 3108 RF One Piece - Luffy ,Akko,0,USB Type-C to Type-A ,440 x 140 x 41,Akko Switch V3 ,1699000
Bàn phím cơ AKKO MonsGeek MG75 Prunus Lannesiana ,Akko,0,USB Type-C to Type-A ,333×143.5×32 ,AKKO switch v3 ,999000
Bàn phím cơ AULA F99 3 mode Trắng xám ,AULA,0,0,0,Grey wood switch,1689000
Bàn phím cơ AKKO MonsGeek MG75 Prunus Lannesiana ,Akko,0,USB Type-C to Type-A ,333×143.5×32 ,AKKO switch v3 ,999000
Bàn phím cơ AKKO 3098 RF Dracula Castle ,Akko,0,USB Type-C to Type-A ,382 x 134 x 40 ,Akko switch v3 ,1599000
Bàn phím cơ AULA F99 3 mode Trắng tím ,AULA,0,0,0,Agile switch,1689000
Bàn phím cơ AKKO MonsGeek MG75 Black & Cyan ,Akko,0,USB Type-C to Type-A ,333×143.5×32 ,AKKO switch v3 ,999000
Bàn phím Gaming Asus ROG Falchion Ace Wired RGB White 90MP0346-BKUA10,Asus,ROG Falchion,Có dây,305.79 x 101 x 37.5,ROG Nx Blue,2799000
Bàn phím cơ AKKO 3087 RF World Tour Tokyo ,Akko,3087 ,"USB Type C, có thể tháo rời",360 x 140 x 40,Akko switch ,1599000
Bàn phím cơ AKKO MonsGeek MG75 Black & Cyan ,Akko,0,USB Type-C to Type-A ,333×143.5×32 ,AKKO switch v3 ,999000
Bàn phím cơ AKKO ACR Pro Alice Plus - Spray paint White ,Akko,ACRPro-APW-AKKOCS-Crystal,USB ,380 x 150 x 21,0,2699000
Bàn phím cơ AKKO 5108S Naraka Blade Point ,Akko,0,"USB Type C, có thể tháo rời",442x134x41,AKKO CS Switch – Silver,2099000
Bàn phím cơ AKKO 3087 RF Dragon Ball Z - Goku ,Akko,0,USB Type-C to Type-A ,360 x 140 x 40,0,1599000
Bàn phím cơ AKKO MonsGeek MG108 Prunus Lannesiana ,Akko,0,USB Type-C to Type-A ,445.5 x 137.,AKKO CS switch ,999000
Bàn phím cơ AKKO 3087 RF Dragon Ball Z - Goku ,Akko,0,USB Type-C to Type-A ,360 x 140 x 40,0,1599000
Bàn phím cơ AKKO MonsGeek MG108 Prunus Lannesiana ,Akko,0,USB Type-C to Type-A ,445.5 x 137.,AKKO CS switch ,999000
Bàn phím cơ AKKO 3108 RF World Tour Tokyo ,Akko,3108 ,"USB Type C, có thể tháo rời",440 x 140 x 40,Akko switch ,1699000
Bàn phím cơ AKKO 3108 RF Dragon Ball Z - Goku ,Akko,"Tenkeyless, 108 keys","USB Type C, có thể tháo rời",0,Akko,1699000
Bàn phím cơ AKKO 3108 RF World Tour Tokyo ,Akko,3108 ,"USB Type C, có thể tháo rời",440 x 140 x 40,Akko switch ,1699000
Bàn phím cơ AKKO 3108 RF One Piece - Luffy ,Akko,0,USB Type-C to Type-A ,440 x 140 x 41,Akko Switch V3 ,1699000
Bàn phím cơ AKKO MonsGeek MG108 Prunus Lannesiana ,Akko,0,USB Type-C to Type-A ,445.5 x 137.5 x 41.8,AKKO CS switch ,999000
Bàn phím Gaming Asus ROG Azoth NX SW ,Asus,90MP031B-BKUA01 ,USB 2.0 ,326 x 136 x 40 ,Đang cập nhật,5999000
Bàn phím cơ AKKO 5075B Plus Dragon Ball Super - Goku ,Akko,AKKO 5075B Plus Dragon Ball Super Goku,3 chế độ kết nối: Dây ,335 x 146 x 42 ,AKKO CS Switch – Crystal,2699000
Bàn phím cơ AKKO 3087 RF World Tour Tokyo ,Akko,3087 ,"USB Type C, có thể tháo rời",360 x 140 x 40,Akko switch ,1599000
Bàn phím Gaming Asus ROG Azoth NX SM white ,Asus,90MP031B-BKUA11 ,USB 2.0 ,326 x 136 x 40 ,Đang cập nhật,5999000
Bàn phím cơ AKKO 5075B Plus Naruto ,Akko,AKKO 5075B Plus Naruto,3 chế độ kết nối: Dây ,335 x 146 x 42 ,AKKO CS Switch – Crystal,2699000
Bàn phím cơ AKKO 3087 RF One Piece - Luffy ,Akko,0,USB Type-C to Type-A ,360 x 140 x 40,0,1599000
Bàn phím Gaming Asus ROG FALCHION RX LP RED ,Asus,ROG Falchion,USB 2.0 ,306 x 110 x 26.5 ,Đang cập nhật,3799000
Bàn phím cơ AKKO 3087 RF One Piece - Luffy ,Akko,0,USB Type-C to Type-A ,360 x 140 x 40,0,1599000
Bàn phím cơ AKKO 3098 RF Dracula Castle ,Akko,0,USB Type-C to Type-A ,382 x 134 x 40 ,Akko switch v3 ,1599000
Bàn phím Gaming Asus ROG FALCHION RX LP BLUE ,Asus,ROG Falchion,USB 2.0 ,306 x 110 x 26.5 ,Đang cập nhật,3799000
Bàn phím Gaming Asus ROG Strix Scope II 96 WL NX SM ,Asus,90MP037B-BKUA00,USB 2.0 ,377 x 131 x 40,Đang cập nhật,3899000
Bàn phím cơ có dây Logitech G713 RGB TKL Off White Linear ,Logitech,0,Có dây,"Độ dài: 370,6 


Chiều rộng: 157 


Chiều cao: 37,2 ",Linear,2999000
Bàn phím cơ có dây Logitech G713 RGB TKL Off White Tactile ,Logitech,0,Có dây,"Độ dài: 370,6 


Chiều rộng: 157 


Chiều cao: 37,2 ",Tactile,2999000
Bàn phím cơ không dây Newmen GM840 Dual Mode Blue sw ,Newmen,0,0,310x121x39,Outemu Box  ,1249000
Bàn phím cơ không dây Newmen GM840 Dual Mode Red sw ,Newmen,0,0,310x121x39,Outemu Box  ,1249000
Bàn phím cơ có dây Fuhlen CK87S Smoke Panda CSA ,Fuhlen,CK87S,Cáp Type-C có thể tháo rời,0,0,1249000
Bàn phím cơ gaming không dây Edra EK368L Beta Brown switch ,Edra,EK368L,2.4G,311x101x42,Huano ,479000
Bàn phím cơ gaming không dây Edra EK368L Alpha Red switch ,Edra,EK368L,2.4G,311x101x42,Huano ,479000
Bàn phím cơ gaming không dây Edra EK368L Alpha Brown switch ,Edra,EK368L,2.4G,311x101x42,Huano ,479000
Bàn phím cơ gaming không dây Edra EK368L Alpha Blue switch ,Edra,EK368L,2.4G,311x101x42,Huano ,479000
Bàn phím cơ gaming không dây Edra EK368L Beta Red switch ,Edra,EK368L,2.4G,311x101x42,Huano ,429000
Bàn phím cơ gaming không dây Edra EK368L Beta Blue switch ,Edra,EK368L,2.4G,311x101x42,Huano ,429000
Bàn phím cơ gaming KENOO ESPORT EK87 - Màu đen - Brown switch,KENOO,EK87,Có dây - USB,455 x 160 x 45 ,Outemu Outemu Brown,499000
Bàn phím game Corsair K70 RGB Pro Speed sw ,Corsair,0,0,444,CHERRY® MX Red,3469000
Bàn phím gaming có dây Corsair K70 PRO-WHT-OPX Silver Switch Led RGB CH-910951A-NA,Corsair,CH-910941A-NA,Dây cáp rời bọc dù,Dài 444 x Rộng 166 x Cao 40,Corsair OPX,3829000
Bàn phím gaming có dây Corsair K70 PRO-BLK-OPX Silver Switch Led RGB CH-910941A-NA,Corsair,CH-910941A-NA,Dây cáp rời bọc dù,Dài 444 x Rộng 166 x Cao 40,Corsair OPX,3549000
Bàn phím cơ EDRA EK3104L Alpha Blue switch,Edra,0,Có dây,438 x 135 x 39,Blue ,629000
Bàn phím cơ EDRA EK3104L Alpha Red switch,Edra,0,Có dây,438 x 135 x 39,Blue ,629000
Bàn phím cơ EDRA EK3104L Alpha Brown switch,Edra,0,Có dây,438 x 135 x 39,Blue ,629000
Bàn phím cơ EDRA EK3104L Beta Blue switch,Edra,0,Có dây,438 x 135 x 39,Blue ,629000
Bàn phím cơ EDRA EK3104L Beta Red switch,Edra,0,Có dây,438 x 135 x 39,Blue ,629000
Bàn phím cơ EDRA EK3104L Beta Brown switch,Edra,0,Có dây,438 x 135 x 39,Blue ,629000
Bàn phím cơ Corsair K100 RGB Midnight Gold Optical sw ,Corsair,K10,0,471,Corsair OPX,5779000
Bàn phím game không dây Corsair K70 Pro Mini đen Red sw ,Corsair,K70 Pro Mini Wireless RGB LED 60% CH-9189010-NA,0,293 x 109 x 40,0,2539000
Bàn phím có dây Corsair K70 CORE-BLK-CRSR MX-RGB  ,Corsair,CH-910971E-NA,Dây cao su chống rối: USB 3.0 hoặc 3.1 Type-A,Đang cập nhật,0,2499000
Bàn Phím Cơ Gaming Edra EK375 Alpha Brown Switch ,Edra,EK375,Có dây,327*136*40,Edra ,569000
Bàn Phím Cơ Gaming Edra EK375 Alpha Red Switch ,Edra,EK375,Có dây,327*136*40,Edra ,569000
Bàn Phím Cơ Gaming Edra EK375 Alpha Blue Switch ,Edra,EK375,Có dây,327*136*40,Edra ,569000
Bàn Phím Cơ Gaming Edra EK375 Beta Blue Switch ,Edra,EK375,Có dây,327*136*40,Edra ,569000
Bàn Phím Cơ Gaming Edra EK375 Beta Brown Switch ,Edra,EK375,Có dây,327*136*40,Edra ,569000
Bàn Phím Cơ Gaming Edra EK375 Beta Red Switch ,Edra,EK375,Có dây,327*136*40,Edra ,569000
Bàn phím AKKO 3087 World Tour Tokyo ,Akko,0,Có dây,0,Cherry MX Blue,1619000
Bàn phím AKKO 3061s World Tour Tokyo R2 ,Akko,Bàn phím cơ AKKO 3061 World Tour Tokyo R2 RGB,Có dây,292 x 101 x 37 ,Gateron switch ,1049000
Bàn phím AKKO ACR 87 Black ,Akko,0,USB Type-C 2 Type-A,360 x 140 x 40,AKKO CS Switch ,1619000
Bàn phím game không dây Logitech G715 TKL RGB Aurora Off White Tactile ,Logitech,Logitech G715 TKL Off White,Công nghệ LIGHTSPEED không dâyBluetooth,"370,6 ",Linear ,3799000
Bàn phím game không dây Logitech G715 TKL RGB Aurora Off White Linear ,Logitech,Logitech G715 TKL Off White,Công nghệ LIGHTSPEED không dâyBluetooth,"370,6 ",Linear ,3799000
Bàn phím không dây Logitech MX Mechanical Graphite Tactile sw ,Logitech,920-010760,0,"433,85 x 131,55 x 26,10 ",Logitech Tactile Silent,3599000
Bàn phím Logitech G913 TKL Lightspeed Wireless RGB Blue Clicky switch,Logitech,0,Lightspeed ,Dài 368 x Rộng 150 x Cao 22,Logitech GL Blue Switch Clicky,3599000
Bàn phím cơ Logitech G512 Lightsync RGB Tactile ,Logitech,G512 GX,0,"132 x 445 x 35,5 ",GX Brown ,1949000
Bàn phím Logitech G913 TKL Lightspeed Wireless RGB Brown Tactile switch,Logitech,0,Lightspeed ,Dài 368 x Rộng 150 x Cao 22,Logitech GL Brown Switch Tactile,3599000
Bàn phím cơ Logitech G512 Lightsync RGB Clicky ,Logitech,G512 GX,0,"132 x 445 x 35,5 ",GX Brown ,1949000
Bàn phím không dây Logitech MX Keys Mini Graphite ,Logitech,Mx Key Mini,0,"Chiều cao: 5,19 in 
Chiều rộng: 11,65 in 
Chiều sâu: 0,82 in ",0,2599000
Bàn phím không dây Logitech MX Keys Mini Rose ,Logitech,Logitech MX Keys Mini - Rose,Bluetooth,"Chiều cao: 5,19 in 
Chiều rộng: 11,65 in 
Chiều sâu: 0,82 in 
Trọng lượng: 17,86 oz ",0,2099000
Bàn phím Không dây Logitech MX Keys Mini Pale Grey ,Logitech,Logitech MX Keys Mini - Pale Gray,0,"Chiều cao: 5,19 in 
Chiều rộng: 11,65 in 
Chiều sâu: 0,82 in ",0,2499000
Bàn Phím Cơ Gaming Edra Ek375 Pro Alpha Blue Switch ,Edra,EK375,USB,323*140*48.5,Edra ,1099000
Bàn Phím Cơ Gaming Edra Ek375 Pro Alpha Brown Switch ,Edra,EK375,USB,323*140*48.5,Edra ,1099000
Bàn Phím Cơ Gaming Edra Ek375 Pro Alpha Red Switch ,Edra,EK375,USB,323*140*48.5,Edra ,1099000
Bàn Phím Cơ Gaming Edra EK375 Pro Beta Blue Switch ,Edra,EK375,USB,323*140*48.5,Edra ,1099000
Bàn Phím Cơ Gaming Edra EK375 Pro Beta Brown Switch ,Edra,EK375,USB,323*140*48.5,Edra ,1099000
Bàn Phím Cơ Gaming Edra EK375 Pro Beta Red Switch ,Edra,EK375,USB,323*140*48.5,Edra ,1099000
Bàn phím cơ DAREU EK75 Full white ,DAREU,0,0,30.2 x 333.2 x 140.4,AREU customized Dream switch,599000
Bàn phím cơ DAREU EK75 Full white ,DAREU,0,0,30.2 x 333.2 x 140.4,AREU customized Dream switch,599000
Bàn phím cơ AKKO 3098S World Tour London ,Akko,0,"USB Type-C, có thể tháo rời",382 x 134 x 40 ,AKKO CS Silver ,1799000
Bàn phím cơ AULA F68 3 mode Màu hồng trong suốt ,AULA,0,0,"330,20 × 120,67 × 45,25 ±0,5 ",ICE crystal switch,1849000
Bàn phím cơ AULA F68 3 mode Màu trắng trong suốt ,AULA,0,0,"330,20 × 120,67 × 45,25 ±0,5 ",ICE crystal switch,1849000
Bàn phím cơ AULA F68 3 mode Màu tím trong suốt ,AULA,0,0,"330,20 × 120,67 × 45,25 ±0,5 ",ICE crystal switch,1849000
Bàn phím cơ AULA F68 3 mode Màu xanh lá ,AULA,0,0,"330,20 × 120,67 × 45,25 ±0,5 ",ICE crystal switch,1999000
Bàn phím cơ AKKO 3098S SpongeBob ,Akko,0,"USB Type-C, có thể tháo rời",382 x 134 x 40 ,AKKO CS switch – Starfish,2599000
Bàn phím cơ AKKO 3098S World Tour London ,Akko,0,"USB Type-C, có thể tháo rời",382 x 134 x 40 ,AKKO CS Silver ,1799000
Bàn phím cơ AKKO 3108 RF Sailor Moon ,Akko,0,USB Type-C to Type-A ,440 x 140 x 41,Akko Switch V3 ,2099000
Bàn phím cơ Dareu A98 PRO Tri Mode RED WAVE ,DAREU,0,Không dây,0,Dareu Dream ,1999000
Bàn phím cơ không dây Newmen GM1000 White sw ,Newmen,0,0,368x120x39,KailhBox  ,1749000
Bàn phím cơ AKKO 3084 v2 RGB - Black ,Akko,3084,"USB Type-C to Type-A, có thể tháo rời",315 x 127 x 42,Akko CS switch ,1299000
Bàn phím cơ không dây Dareu EK807G trắng Blue sw ,DAREU,0,Không dây 2.4GHz,0,Blue,449000
Bàn phím cơ không dây Dareu EK807G trắng Brown sw ,DAREU,0,Không dây 2.4GHz,0,Blue,449000
Bàn phím cơ không dây Newmen GM335 Dual Mode Blue sw ,Newmen,0,0,436x129x40,N-box ,949000
Bàn phím Asus ROG Strix Scope NX TKL Blue sw,Asus,0,USB 2.0,356 x 136.2 x 39.7 ,ROG NX Blue Switch,2299000
Bàn phím cơ không dây Dareu EK807G trắng Red sw ,DAREU,0,Không dây 2.4GHz,0,Blue,449000
Bàn phím cơ không dây Newmen GM335 Dual Mode Black sw ,Newmen,0,0,436x129x40,N-box ,949000
Bàn phím cơ game Edra EK387FL RGB Polar night Blue sw ,Edra,0,Có dây,362 x 138 x 39,Gateron switch Blue ,999000
Bàn phím cơ game Edra EK387FL RGB Polar night Brown sw ,Edra,0,Có dây,362 x 138 x 39,Gateron switch Blue ,999000
Bàn phím cơ không dây AKKO 3108 RF White on Black ,Akko,0,USB Type-C to Type-A ,440 x 140 x 41,Akko Switch V3 Cream Yellow ,1499000
Bàn phím cơ gaming có dây Razer BlackWidow V4 - Yellow Switch RZ03-04691800-R3M1,Razer,RZ03-04691800-R3M1,Cáp Type C có thể tháo rời,0,Razer™ Yellow Mechanical Switches ,3999000
Bàn phím cơ Logitech G813 Lightsync RGB GL Tactile ,Logitech,0,Dây cáp Liền,Dài 475 x Rộng 150 x Cao 22,Logitech GL Tactile ,2699000
Bàn phím cơ Logitech G813 Lightsync RGB GL Linear ,Logitech,0,Dây cáp Liền,Dài 475 x Rộng 150 x Cao 22,Logitech GL Linear ,2699000
Bàn phím cơ Logitech G813 Lightsync RGB GL Clicky ,Logitech,0,Dây cáp Liền,Dài 475 x Rộng 150 x Cao 22,Logitech GL Clicky ,2699000
Bàn phím Logitech G913 TKL Lightspeed Wireless RGB Red Linear switch,Logitech,0,Lightspeed ,Dài 368 x Rộng 150 x Cao 22,Logitech GL Red Switch Linear,3599000
Bàn phím Gaming không dây Logitech Pro X TKL Lightspeed Màu Trắng Tactile Switch ,Logitech,920-012137 ,Không dây Lightspeed và Bluetooth,352 x 150 x 34 ,0,3999000
Bàn phím không dây Logitech K580 Graphite ,Logitech,920-009210,USB 2.4GHz ,373.5 x 143.9 x 21.3,0,899000
Bàn phím không dây Razer Pro Type Ultra Wireless Productivity ,Razer,RZ03-04110100-R3M1,Không dây: Bluetooth 5.0 và USB 2.4GHz,439 x 131 x 40,80 triệu lượt nhấn,3699000
Bàn phím Gaming không dây Logitech Pro X TKL Lightspeed Màu đen Tactile Switch ,Logitech,920-012137 ,Không dây Lightspeed và Bluetooth,352 x 150 x 34 ,0,3999000
Bàn phím không dây Logitech K580 Pale Grey ,Logitech,920-009210,USB 2.4GHz ,373.5 x 143.9 x 21.3,0,939000
Bàn phím cơ Dareu A98 PRO Tri Mode TIRAMISU ,DAREU,0,Không dây,0,Dareu Dream ,2199000
Bàn phím cơ Dareu A98 PRO Tri Mode Timeless ,DAREU,0,Không dây,0,Dareu Dream ,2199000
Bàn phím ASUS ROG Strix Scope NX TKL ,Asus,Asus ROG Strix Scope NX TKL Deluxe,"Có dây, Type - C",0,ROG NX Mechanical Switches: Blue,2499000
Bàn Phím ASUS ROG FALCHION ACE NX ,Asus,ROG Falchion,Có dây,305.79 x 101 x 37.5,ROG Nx Blue,2399000
Bàn phím cơ Asus TUF K3 ,Asus,0,Có dây,0,Red switch,1679000
Bàn phím cơ có dây AULA F87 Đen Trắng Xanh dương ,AULA,0,0,0,Blue switch,999000
Bàn phím cơ FLEsport FL680 SAM Peach Yellow sw ,FL-Esports,0,USB Type-C,0,Gateron Brown,2399000
Bàn phím cơ FLEsport FL680 SAM Peach Silver sw ,FL-Esports,0,USB Type-C,0,Gateron Brown,2009000
Bàn phím cơ AULA F75 Xanh nhạt + Trắng + Xanh đậm ,AULA,0,0,0,Reaper switch,1399000
Bàn phím cơ AULA F75 Đen + Xanh đậm + Cam ,AULA,0,0,0,Reaper switch,1399000
Bàn phím cơ AULA F75 Tím nhạt + Be + Xanh lá ,AULA,0,0,0,Reaper switch,1399000
Bàn phím cơ AULA F87 3 mode Đen Trắng Xanh dương ,AULA,0,0,0,Blue switch,1399000
Bàn phím cơ AULA F87 3 mode Đen Trắng Xanh lá ,AULA,0,0,0,Blue switch,1399000
Bàn phím cơ Edra EK3104 Lạc Hồng White Led Black sw ,Edra,0,0,446x200x50 ,Gateron ,1599000
Bàn phím cơ Edra EK3104 Lạc Hồng White Led Yellow sw ,Edra,0,0,446x200x50 ,Gateron ,1649000
Bàn phím cơ không dây Newmen GM1000 Yellow sw ,Newmen,0,0,368x120x39,KailhBox  ,1699000
Bàn phím cơ DarkFlash GD68 Starry Blue - Yellow Axis switch ,Darkflash,GD68,Dây USB-C hoặc USB Wireless 2.4G,0,Yellow Switch 5-pin,599000
Bàn phím cơ DarkFlash GD68 Brown Sugar - Yellow Axis switch ,Darkflash,GD68,Dây USB-C hoặc USB Wireless 2.4G,0,Yellow Switch 5-pin,599000
Bàn phím cơ DarkFlash GD68 Milky & Brown - Yellow Axis switch ,Darkflash,GD68,Dây USB-C hoặc USB Wireless 2.4G,0,Yellow Switch 5-pin,599000
Bàn phím cơ Dareu EK1280 v2 Black ,DAREU,Bàn Phím Gaming DAREU EK1280 V2,Có dây,0,"DareU ""D"" Switch: Blue ",799000
Bàn phím cơ DarkFlash GD68 Starry Blue - Yellow Axis switch ,Darkflash,GD68,Dây USB-C hoặc USB Wireless 2.4G,0,Yellow Switch 5-pin,599000
Bàn phím cơ DarkFlash GD68 Brown Sugar - Yellow Axis switch ,Darkflash,GD68,Dây USB-C hoặc USB Wireless 2.4G,0,Yellow Switch 5-pin,599000
Bàn phím cơ DarkFlash GD68 Milky & Brown - Yellow Axis switch ,Darkflash,GD68,Dây USB-C hoặc USB Wireless 2.4G,0,Yellow Switch 5-pin,599000
Bàn phím cơ Dareu EK1280 v2 Black ,DAREU,Bàn Phím Gaming DAREU EK1280 V2,Có dây,0,"DareU ""D"" Switch: Blue ",799000
Bàn phím cơ Dareu EK1280S v2 Black ,DAREU,EK1280s V2,0,"Chiều cao: 440 
Chiều rộng: 140 
Chiều dày: 36 ","Switch ""D"" nhiều màu",649000
Bàn phím cơ không dây Fuhlen T87S Pro White Blue Switch,Fuhlen,T87s Pro Wireless,0,358x130x40,Switch HUANO Red,1399000
Bàn phím Asus ROG Strix Scope NX Red sw,Asus,0,USB 2.0,440 x 137 x 39,Red Switch,2699000
Bàn phím AKKO 3087 World Tour Tokyo ,Akko,0,Có dây,0,Cherry MX Blue,1719000
Bàn phím cơ Gaming ZIFRIEND ZA98,Ziefiend,0,0,"38,5*13,6*3,55c",Blue,519000
Bàn phím cơ không dây Zifriend ZA68 Pro 3 Mode ,Ziefiend,0,"Có cắm dây, Usb Receiver và Bluetooth",327 * 114 * 43,Pink,919000
Bàn phím cơ gaming SPARTAN TC3218 Purple White ,0,TC-3218,Có dây - USB,0,124 key,459000
Bàn phím cơ gaming SPARTAN TC3218 Black Gray ,0,TC-3218,Có dây - USB,0,124 key,459000
Bàn phím cơ gaming SPARTAN TC3218 Pink White ,0,TC-3218,Có dây - USB,0,124 key,459000
Bàn phím cơ gaming SPARTAN TC3218 Blue White ,0,TC-3218,Có dây - USB,0,124 key,459000
Bàn phím cơ có dây Zifriend ZA68 Purple Pink White - Custom Pink TTC Switch,Ziefiend,0,Có cắm dây,327 * 114 * 43,Pink,749000
Bàn phím cơ có dây Zifriend ZA68 Blue White Brown - Custom Pink TTC Switch,Ziefiend,0,Có cắm dây,327 * 114 * 43,Pink,749000
Bàn phím cơ không dây Leopold FC750RBT White Green Red switch,Leopold,0,0,362,Cherry Brown,3399000
Bàn phím cơ không dây Leopold FC750RBT White Green Silent Red switch,Leopold,0,0,362,Cherry Brown,3399000
Bàn phím cơ không dây Leopold FC750RBT Milk Turquoise Brown switch,Leopold,0,Bluetooth 5.1 ,139.3 ,0,3299000
Bàn phím cơ Leopold FC660MBT Red sw ,Leopold,0,0,285,Cherry Brown,2699000
Bàn phím cơ Leopold FC660MBT Silent Red sw ,Leopold,0,0,285,Cherry Brown,2799000
Bàn phím cơ Edra EK361W V3 RGB Đen Blue Switch ,Edra,0,Không dây,0,Blue Switch,879000
Bàn phím cơ Edra EK361W V3 RGB Đen Brown Switch ,Edra,0,Không dây,0,Brown Switch,879000
Bàn phím cơ Edra EK361W V3 RGB Đen Red Switch ,Edra,0,Không dây,0,Red Switch,879000
Bàn phím cơ FL-Esports GP75CPM White Body Taro Purple Brown switch ,FL-Esports,GP75CPM,0,0,"Kailh Box Red, Brown",1599000
Bàn phím cơ FL-Esports GP75CPM Black Body Polar Night Red switch ,FL-Esports,GP75CPM,0,0,"Kailh Box Red, Brown",1599000
Bàn phím cơ FL-Esports GP75CPM Black Body Polar Night Brown switch ,FL-Esports,GP75CPM,0,0,"Kailh Box Red, Brown",1599000
Bàn phím cơ FL-Esports GP75CPM White Body Taro Purple Red switch ,FL-Esports,GP75CPM,0,0,"Kailh Box Red, Brown",1599000
"Bàn phím cơ không dây Darmoshark K8 White Grey RGB ,Hotswap",Darmoshark,K8 White Grey,2.4 GHz,75%,0,1649000
Bàn Phím Gaming Mountain Everest Max Black MX Red switch ,Mountain,Everest Max,USB loại C,265x461x43,Cherry,5699000
Bàn Phím Gaming Mountain Everest Max Gray MX Brown switch ,Mountain,Everest Max,USB loại C,265x461x43,Cherry MX,5699000
Bàn Phím Gaming Mountain Everest Max Black MX Brown switch ,Mountain,Everest Max,USB loại C,265x461x43,Cherry MX,5699000
Bàn phím gaming Corsair K70 MAX-BLK-MGX White-RGB ,Corsair,CH-910961G-NA,USB 3.0 hoặc 3.1 Type-A,Đang cập nhật,0,5590000
Bàn phím cơ gaming KENOO ESPORT EK104  - Màu đen và xám - Brown switch,KENOO,K10,Có dây - USB,455 x 160 x 45 ,Outemu Outemu Brown,569000
Bàn phím cơ gaming KENOO ESPORT EK104 - Màu đen - Brown switch,KENOO,K10,Có dây - USB,0,Outemu Outemu Brown,569000
Bàn phím quang cơ Dareu EK810X Black ,DAREU,DareU EK810X,0,0,Optical,699000
Bàn phím cơ Darmoshark Top75 3 mode ,Darmoshark,0,3 Modes: Bluetooth,"335,05 x 146,37 x 44,39 ",TTC Customized,2099000
Bàn phím cơ Edra EK387L RGB màu đen Blue sw ,Edra,EK387L RGB,USB Type C,TKL,Blue ,549000
Bàn phím cơ Edra EK361W V3 RGB Trắng Blue Switch ,Edra,0,Không dây,0,Blue Switch,849000
Bàn phím cơ Edra EK387L RGB màu đen Brown sw ,Edra,EK387L RGB,USB Type C,TKL,Blue ,549000
Bàn phím cơ Edra EK361W V3 RGB Trắng Brown Switch ,Edra,0,Không dây,0,Brown Switch,849000
Bàn phím cơ Edra EK361W V3 RGB Trắng Red Switch ,Edra,0,Không dây,0,Red Switch,849000
Bàn phím cơ Darmoshark Top75 White 3 mode ,Darmoshark,0,3 Modes: Bluetooth,"335,05 x 146,37 x 44,39 ",TTC Customized,2099000
Bàn phím game không dây Razer DeathStalker V2 Pro Wireless Low Profile Optical ,Razer,Razer DeathStalker V2,Dây cáp USB2.4GhzBluetooth,-,Red,4799000
Bàn phím cơ gaming có dây Razer BlackWidow V4 Pro - Green Switch RZ03-04680100-R3M1,Razer,Razer BlackWidow V4 Pro RGB Razer Switch Green,0,Fullsize,Razer Green ,5099000
Bàn phím cơ gaming có dây Razer BlackWidow V4 Pro - Yellow Switch RZ03-04681800-R3M1,Razer,RZ03-04681800-R3M1,Cáp Type C có thể tháo rời,0,Razer™ Yellow Mechanical Switches ,5099000
Bàn phím cơ có dây Razer BlackWidow V4 75% RGB White Edition Hotswap Razer Switch Orange RZ03-05001700-R3M1,Razer,Orange Switch ,Cáp Type-C ,0,80 triệu lượt nhấn,4699000
Bàn phím cơ Logitech G413 SE TKL Tactile sw ,Logitech,0,Có dây,355 x 127 x 36.3 ,Tactile,1449000
Bàn phím không dây Newmen GM610 RGB Dual mode Brown sw ,Newmen,0,0,290*101.5*37.5,Black Axis,799000
Bàn phím gaming Corsair K65 CSR RED BLK GREY ,Corsair,CH-91D401L-NA,Không dây: 2.4Ghz và Bluetooth,0,0,4199000
Bàn phím gaming Corsair K70 PRO BLK-MX Brown ,Corsair,0,0,444,CHERRY® MX Red,3899000
Bàn phím cơ AULA F75 ICE Green 3 mode ,AULA,0,0,0,Reaper switch,1399000
Bàn phím cơ AULA F75 ICE Blue 3 mode ,AULA,0,0,0,Reaper switch,1399000
Bàn phím cơ AULA F75 ICE Blue 3 mode ,AULA,0,0,0,Ice Vein switch,1399000
Bàn phím game Corsair K70 RGB Pro Red sw ,Corsair,0,0,444,CHERRY® MX Red,3599000
Bàn phím cơ Leopold FC660MBT Brown sw ,Leopold,0,0,285,Cherry Brown,2999000
Bàn phím không dây Logitech Wave Keys Ergonomic Graphite ,Logitech,920-012282 ,USB 2.4GHz Logi Bolt ,375.97 ,0,1299000
Bàn phím cơ không dây Newmen GM680 Dual Mode Jungle Purple sw ,Newmen,0,0,312x102x36.5,Outemu Box  ,1299000
Bàn phím cơ không dây Newmen GM680 Dual Mode Jungle Red sw ,Newmen,0,0,312x102x36.5,Outemu Box  ,1299000
Bàn phím cơ có dây Fuhlen CK87S Smoke Panda CSA ,Fuhlen,CK87S,Cáp Type-C có thể tháo rời,0,0,1399000
"Bàn phím Cơ FL-Esports FL680SAM Purple, switch Yellow",FL-Esports,0,USB Type-C,0,Gateron Brown,2299000
"Bàn phím Cơ FL-Esports FL680SAM White and Yellow, switch Gateron Silver - FL",FL-Esports,0,USB Type-C,0,Gateron Brown,2299000
"Bàn phím Cơ FL-Esports FL680SAM White and Yellow, switch Gateron Yellow - FL",FL-Esports,0,USB Type-C,0,Gateron Brown,2299000
"Bàn phím Cơ FL-Esports FL680SAM Purple, switch Silver",FL-Esports,0,USB Type-C,0,Gateron Brown,2299000
Bàn phím cơ gaming có dây Rapoo V500 Pro Black ,Rapoo,0,Có dây,434,Blue,599000
Bàn phím cơ gaming có dây Rapoo V500 Pro Black ,Rapoo,0,Có dây,434,Blue,599000
Bàn phím cơ gaming có dây Rapoo V500 Pro Black ,Rapoo,0,Có dây,434,Blue,599000
Bàn phím Gaming không dây ASUS ROG AZOTH NX Đen Red Switch ,Asus,0,USB 2.0 ,326 x 136 x 40 ,0,6299000
Bàn phím cơ gaming có dây Razer Huntsman V2 PUBG: Battlegrounds Edition ,Razer,RZ03-03932300-R3M1,Có dây – Cáp quang bện,Full-Size,Razer™ Linear Optical Switch,5699000
Bàn phím game Asus ROG Strix Flare II Animate NX ,Asus,0,0,435,ROG NX Mechanical,4499000
Bàn phím game Asus ROG Strix Flare II NX ,Asus,0,0,435,ROG NX Mechanical,3499000
Bàn phím game Asus ROG Strix Scope RX ABS Red switch ,Asus,0,0,440x137x39 ,ROG RX Red,2299000
Bàn phím cơ không dây Asus ROG Claymore II ,Asus,Bàn Phím Cơ Asus ROG Claymore II RGB Wireless Blue Switch,0,Full size,ROG RX BLUE Optical Mechanical Switch,5799000
Bàn phím cơ gaming Corsair K70 MK2 Low Profile Cherry Speed Switch ,Corsair,CH-9109018-NA,Cáp liền USB bọc dù,Dài 440,0,2199000
Bàn phím cơ AKKO 3068 v2 RGB - Black ,Akko,AKKO 3068 v2 RGB Black,"USB Type-C to Type-A, có thể tháo rời",316 x 107 x 39 ,Akko CS switch ,1549000
Bàn phím cơ AKKO 3068 v2 RGB - Black ,Akko,AKKO 3068 v2 RGB Black,"USB Type-C to Type-A, có thể tháo rời",316 x 107 x 39 ,Akko CS switch ,1549000
Bàn phím Asus ROG Strix Scope NX TKL Deluxe Blue sw,Asus,Asus ROG Strix Scope NX TKL Deluxe,0,356 x 75 x 21 ,ROG NX Mechanical,1999000
Bàn phím Asus ROG Strix Scope NX TKL Deluxe Red sw,Asus,Asus ROG Strix Scope NX TKL Deluxe,"Có dây, Type - C",0,ROG NX Mechanical Switches: Blue,1999000
Bàn phím cơ FL-Esports FL980 CPS White Olivia Kailh Box Red switch,FL-Esports,0,USB,Fullsize,"White, Brown, Red",1199000
Bàn phím cơ FL-Esports FL980 CPS Aqua Green Kailh Box Red switch,FL-Esports,0,USB,Fullsize,"White, Brown, Red",1199000
Bàn phím E-Dra EK701 Led USB Black,E-Dra,0,0,460*190*40,Cao su giả cơ ,339000
Bàn phím không dây Logitech Pebble keys 2 K380s Màu Trắng ,Logitech,0,Bluetooth ,124 x 279 x 16 ,0,729000
Bàn phím không dây Logitech Pebble keys 2 K380s Màu Hồng ,Logitech,0,Bluetooth ,124 x 279 x 16 ,0,729000
Bàn phím cơ Edra EK387L RGB màu đen Red sw ,Edra,EK387L RGB,USB Type C,TKL,Blue ,589000
Bàn phím không dây Logitech Pebble keys 2 K380s Màu Đen ,Logitech,0,Bluetooth ,124 x 279 x 16 ,0,729000
Bàn phím không dây Genius KB-7100X Đen ,Genius,0,Wireless 2.4GHz,129 ,0,299000
Bàn phím có dây Genius KB-100X ,Genius,0,có dây USB,435 ,0,169000
Bàn phím có dây Genius KB-100XP ,Genius,0,có dây USB,435 ,0,209000
Bàn phím không dây Genius SlimStar 7230 Đen ,Genius,0,Wireless 2.4GHz,30 ,0,299000
Bàn phím không dây Genius KB-7200 Đen ,Genius,0,Wireless 2.4GHz,140 ,0,299000
Bàn phím game không dây Rapoo V500 Pro Blue sw ,Rapoo,Rapoo V500 Pro Wireless,Có dây + Wireless 2.4GHz,Dài 43.2 c,"Rapoo Blue, Red Switch",599000
Bàn phím cơ Fuhlen D87S RGB đen Blue sw ,Fuhlen,D87S RGB,0,358x130x40,Switch Brown,899000
Bàn phím cơ Fuhlen D87S RGB đen Red sw ,Fuhlen,D87S RGB,0,358x130x40,Switch Brown,899000
Bàn phím cơ có dây Edra EK312 Beta ,Edra,0,0,440x130x35 ,E-Dra ,569000
Bàn phím cơ có dây Edra EK312 Beta ,Edra,0,0,440x130x35 ,E-Dra ,569000
Bàn phím cơ có dây Edra EK312 Beta ,Edra,0,0,440x130x35 ,E-Dra ,569000
Bàn phím cơ có dây Edra EK312 Alpha ,Edra,0,0,440x130x35 ,E-Dra ,569000
Bàn phím cơ có dây Edra EK312 Alpha ,Edra,0,0,440x130x35 ,E-Dra ,569000
Bàn phím cơ có dây Edra EK312 Alpha ,Edra,0,0,440x130x35 ,E-Dra ,569000
Bàn phím không dây Newmen GM610 RGB Dual mode Red sw ,Newmen,0,0,290*101.5*37.5,Red Axis,899000
Bàn phím cơ Newmen GE369R Blue switch ,Newmen,GE369R,0,433*126*37,0,699000
"Bàn phím cơ gaming có dây Newmen GM326 White, Brown Switch",Newmen,Newmen GM326,0,Layout 75%,Blue,589000
"Bàn phím cơ gaming có dây Newmen GM326 White, Blue Switch",Newmen,Newmen GM326,0,Layout 75%,Blue,589000
Bàn phím cơ không dây Newmen GM680 Dual Mode Brown sw ,Newmen,0,0,312x102x36.5,Outemu Box ,1299000
Bàn phím gỉa cơ gaming AULA F2023 Màu đen ,AULA,0,0,435 ,Blue,249000
Bàn phím Bluetooth AULA AWK310 Black,AULA,0,BT,Sách hướng dẫn sử dụng + Dụng cụ thay keycap,0,269000
Bàn phím cơ gaming AULA F2058 Màu đen ,AULA,0,0,435 ,Blue,679000
Bàn phím cơ IKBC CD108HR Dolch Blue sw ,iKBC,CD108HR,Có dây,0,Gateron G Pro Blue ,1849000
Bàn phím cơ IKBC CD108HR Dolch Red sw ,iKBC,CD108HR,Có dây,0,Gateron G Pro Blue ,1849000
Bàn phím cơ IKBC CD108HR Dolch Silver sw ,iKBC,CD108HR,Có dây,0,Gateron G Pro Blue ,1949000
Bàn phím cơ IKBC CD108HR Dolch Yellow sw ,iKBC,CD108HR,Có dây,0,Gateron G Pro Blue ,1949000
Bàn phím cơ IKBC CD87HR Dolch Brown sw ,iKBC,CD87HR,Có dây,0,Gateron G Pro Blue ,1709000
Bàn phím cơ IKBC CD87HR Dolch Blue sw ,iKBC,CD87HR,Có dây,0,Gateron G Pro Blue ,1629000
Bàn phím cơ IKBC CD87HR Dolch Yellow sw ,iKBC,CD87HR,Có dây,0,Gateron G Pro Blue ,1729000
Bàn phím cơ Newmen GE87 Brown sw ,Newmen,0,0,"358,3x138,1x38,3",N-box ,449000
Bàn phím cơ Newmen GE87 Red sw ,Newmen,0,0,"358,3x138,1x38,3",N-box ,449000
Bàn phím cơ không dây Edra EK368W V2 Red sw ,Edra,0,0,302x142.5x34.5 ,E-Dra ,1149000
Bàn phím cơ không dây Edra EK368W V2 Brown sw ,Edra,0,0,302x142.5x34.5 ,E-Dra ,1199000
Bàn phím cơ Edra EK3104 Lạc Hồng White Led Blue sw ,Edra,0,0,446x200x50 ,Gateron ,1689000
Bàn phím cơ gaming Edra EK398 Alpha Blue switch ,Edra,EK398,Có dây,380x135x35,YH ,479000
Bàn phím cơ Edra EK3104 Lạc Hồng White Led Brown sw ,Edra,0,0,446x200x50 ,Gateron ,1689000
Bàn phím cơ gaming Edra EK398 Alpha Red switch ,Edra,EK398,Có dây,380x135x35,YH ,479000
Bàn phím cơ gaming Edra EK398 Alpha Brown switch ,Edra,EK398,Có dây,380x135x35,YH ,479000
Bàn phím cơ gaming Edra EK398 Beta Red switch ,Edra,EK398,Có dây,380x135x35,YH ,479000
Bàn phím cơ Edra EK387L RGB màu đen Blue switch,Edra,EK387L RGB,USB Type C,TKL,Blue ,589000
Bàn phím cơ gaming Edra EK398 Beta Brown switch ,Edra,EK398,Có dây,380x135x35,YH ,479000
Bàn phím cơ gaming Edra EK398 Beta Blue switch ,Edra,EK398,Có dây,380x135x35,YH ,479000
Bàn phím cơ gaming có dây Rapoo V500 Pro Yellow Blue ,Rapoo,0,Có dây,434,Blue,789000
Bàn phím gaming Corsair K55 PRO LITE RGB ,Corsair,CH-9226065-NA,Có dây USB 2.0 Loại A,0,0,999000
Bàn phím không dây DarkFlash GD100 Milky Brown Yellow Switch,Darkflash,GD100,Không dây,0,Yellow Switch,689000
Bàn phím không dây DarkFlash GD100 Brown Sugar Yellow Switch ,Darkflash,GD100,Không dây,0,Yellow Switch,689000
Bàn phím không dây DarkFlash GD100 Starry Blue  - Yellow Axis switch ,Darkflash,GD100,Dây USB-C hoặc USB Wireless 2.4G,0,Yellow Switch 5-pin,699000
Bàn phím cơ DarkFlash GD87  Starry Blue  - Yellow Axis switch ,Darkflash,0,Dây USB-C hoặc USB Wireless 2.4G,0,Yellow Switch 5-pin,649000
Bàn phím cơ gaming AULA S2022 Màu xanh lá ,AULA,0,0,435 ,Blue,449000
Bàn phím cơ gaming AULA S2022 Màu xanh dương ,AULA,0,0,435 ,Blue,449000
Bàn phím cơ gaming AULA S2022 Màu hồng ,AULA,0,0,435 ,Blue,449000
Bàn phím cơ gaming AULA S2022 Màu đen ,AULA,0,0,435 ,Blue,449000
Bàn phím cơ Razer Huntsman V3 Pro Mini 60% Black - US Layout – FRML ,Razer,RZ03-04990100-R3M1,Có dây,Đang cập nhật,100 triệu lượt nhấn,4799000
Bàn phím cơ Razer Huntsman V3 Pro Tenkeyless – Tenkeyless Analog Optical Esports Keyboard – US Layout – FRML ,Razer,RZ03-04980100-R3M1,Có dây,Đang cập nhật,100 triệu lượt nhấn,5999000
Bàn phím cơ gaming có dây Razer BlackWidow V4 X - Yellow Switch RZ03-04701800-R3M1,Razer,0,0,Tenkeyless,Yellow Switch,2999000
Bàn phím cơ Razer Huntsman V3 Pro – Analog Optical Esports Keyboard – US Layout – FRML ,Razer,RZ03-04970100-R3M1,Có dây,Đang cập nhật,100 triệu lượt nhấn,6799000
Bàn phím cơ gaming có dây Razer BlackWidow V4 X - Green Switch RZ03-04700100-R3M1,Razer,0,0,Tenkeyless,Green Switch,2999000
Bàn phím cơ gaming có dây Razer BlackWidow V4 - Green Switch  RZ03-04690100-R3M1,Razer,RZ03-04690100-R3M1,Cáp Type C có thể tháo rời,0,Razer™ Green Mechanical Switches ,3999000
Bàn phím cơ có dây Razer BlackWidow V4 75% RGB Hotswap Razer Switch Orange RZ03-05000100-R3M1,Razer,Orange Switch ,Cáp Type-C ,0,80 triệu lượt nhấn,4599000
Bàn phím cơ gaming Rapoo V500L đen Blue switch,Rapoo,V500L,0,Full size,Rapoo Switch Blue,589000
Bàn phím cơ IKBC CD87HR Dolch Silver sw ,iKBC,CD87HR,Có dây,0,Gateron G Pro Blue ,1709000
Bàn phím cơ không dây Fuhlen H95S Panda CSA Silver sw ,Fuhlen,H95S Panda 3 Mode Wireless,Có dây,0,Fuhlen Pro ,2199000
Bàn phím cơ Edra EK3104 Pink V2 Red sw ,Edra,0,0,446x200x50 ,E-Dra ,759000
Bàn phím cơ Edra EK387 Pink V2 Brown sw ,Edra,0,0,390x200x50 ,E-Dra ,639000
Bàn phím cơ Edra EK387 RGB Dark Warrior Brown sw ,Edra,0,0,365x145x45,E-Dra ,849000
Bàn Phím ASUS ROG Strix Scope RX PBT Red Switch ,Asus,0,USB 2.0,440x137x39 ,0,2399000
Bàn phím cơ Edra EK387L màu hồng Blue sw ,Edra,EK387L White,USB Type C,TKL,Blue ,509000
Bàn phím cơ Edra EK387L màu hồng Brown sw ,Edra,EK387L White,USB Type C,TKL,Blue ,509000
Bàn phím gaming không dây Corsair K100 AIR RGB Cherry MX Ultra Low Profile CH-913A01U-NA,Corsair,CH-913A01U-NA,0,437,0,6599000
Bàn phím game Corsair K70 TKL Champion RGB ,Corsair,0,0,360,Corsair OPX Optical Switch,3349000
Bàn phím cơ AKKO 5108S Honkai Impact 3rd - Stygian Nymph ,Akko,0,"USB Type C, có thể tháo rời",442x132x41,AKKO CS Switch ,2479000
Bàn phím cơ AKKO 5108S Honkai Impact 3rd - Yae Sakura ,Akko,0,"USB Type C, có thể tháo rời",442x132x41,AKKO CS Switch ,2629000
Bàn phím cơ có dây AULA F87 Tím trắng ,AULA,0,0,0,Blue switch,799000
Bàn phím cơ không dây Edra EK396W V2 Red sw ,Edra,E-DRA EK396W V2,Bluetooth 5.0,0,"Blue, Brown, Red",1389000
Bàn phím cơ game Edra EK387FL RGB Polar night Red sw ,Edra,0,Có dây,362 x 138 x 39,Gateron switch Blue ,1149000
Bàn phím cơ gaming Lecoo GK301 Blue switch Led RGB,LECOO,0,0,444 ,Blue Switch,539000
Bàn phím cơ gaming Lecoo GK302 Blue Switch LED RGB,LECOO,0,0,436 ,Blue Switch,529000
Bàn phím cơ Newmen GE87 Blue sw ,Newmen,0,0,"358,3x138,1x38,3",N-box ,449000
Bàn phím cơ Newmen GE87 Blue sw ,Newmen,0,0,"358,3x138,1x38,3",N-box ,449000
Bàn phím cơ không dây Fuhlen H75S Panda - CSA profile YELLOW PRO Switch,Fuhlen,H75S Panda 3 Mode Wireless,Có dây ,0,Yellow pro ,1999000
Bàn phím cơ không dây Fuhlen H75S Panda - CSA profile SILVER SPEED LINEAR Switch,Fuhlen,H75S Panda 3 Mode Wireless,Có dây ,0,Yellow pro ,1999000
Bàn phím cơ không dây Fuhlen H75S Panda - CSA profile BROWN TACTILE Switch,Fuhlen,H75S Panda 3 Mode Wireless,Có dây ,0,Yellow pro ,1999000
Bàn phím cơ không dây Fuhlen H75S Panda - CSA profile RED PRO Switch,Fuhlen,H75S Panda 3 Mode Wireless,Có dây ,0,Yellow pro ,1999000
Bàn phím không dây Rapoo XK100 đen ,Rapoo,K10,0,292 x 155 x 20,0,509000
Bàn phím cơ Edra EK387L màu hồng Red sw ,Edra,EK387L White,USB Type C,TKL,Blue ,529000
Bàn phím cơ Edra EK387 Pink V2 Blue sw ,Edra,0,0,390x200x50 ,E-Dra ,649000
Bàn phím cơ không dây Fuhlen H95S Panda CSA Yellow Pro sw ,Fuhlen,H95S Panda 3 Mode Wireless,0,0,Fuhlen Pro ,2299000
Bàn phím cơ Edra EK387 Pink V2 Red sw ,Edra,0,0,390x200x50 ,E-Dra ,649000
Bàn phím cơ không dây Edra EK361W V2 RGB Đen Red sw ,Edra,0,0,291x101x39,Huano ,799000
Bàn phím quang cơ Fuhlen Eraser ,Fuhlen,Eraser Mechanical,Có dây,0,Fuhlen Optical switch,949000
Bàn phím quang cơ Fuhlen Destroyer Mechanical Optical Switch Đen,Fuhlen,Destroyer,USB 2.0,Fullsize,Quang học,999000
Bàn phím quang cơ Fuhlen S Subverter RGB Mechanical Optical Switch Đen,Fuhlen,Fuhlen Subverter RGB,Có dây,0,Quang học,1199000
Bàn phím game không dây Razer DeathStalker V2 Pro Tenkeyless Low Profile Optical ,Razer,Razer DeathStalker V2,Dây cáp USB2.4GhzBluetooth,-,Red,4199000
Bàn phím cơ không dây Newmen GM680 Dual Mode Blue sw ,Newmen,0,0,312x102x36.5,Outemu Box ,1299000
Bàn phím không dây DarkFlash V200 Brown Sugar ,Darkflash,0,Không dây,0,Giả cơ,399000
Bàn phím không dây DarkFlash V200 Mocha ,Darkflash,0,Không dây,0,Giả cơ,399000
Bàn phím không dây DarkFlash V200 Trắng ,Darkflash,0,Không dây,0,Giả cơ,399000
Bàn phím không dây DarkFlash V200 Hồng ,Darkflash,0,Không dây,0,Giả cơ,399000
Bàn phím không dây DarkFlash V200 Xanh ,Darkflash,0,Không dây,0,Giả cơ,399000
Bàn phím không dây DarkFlash GD108 Milky Brown Yellow Switch ,Darkflash,0,Không dây,0,Yellow Switch,829000
Bàn phím không dây DarkFlash GD108 Starry blue Yellow Switch ,Darkflash,0,Không dây,0,Yellow Switch,829000
Bàn phím không dây DarkFlash GD108 Brown sugar Yellow Switch ,Darkflash,0,Không dây,0,Yellow Switch,829000
Bàn phím cơ FL-Esports FL100CPM White Body Marshmallow 3 Mode Ice Blue switch ,FL-Esports,FL100CPM,0,Fullsize,"FLCMMK Ice Pink Switch,,FLCMMK Ice Violet Switch,FLCMMK Ice Blue Switch",2099000
Bàn phím Corsair K70 TKL RGB Champion ,Corsair,0,0,360,Cherry MX SPEED,3399000
Bàn phím cơ gaming có dây Rapoo V500 Pro Cyan Blue ,Rapoo,0,Có dây,434,Blue,749000
Bàn phím cơ gaming có dây Rapoo V500 Pro Cyan Blue ,Rapoo,0,Có dây,434,Blue,749000
Bàn phím cơ gaming có dây Rapoo V500 Pro Cyan Blue ,Rapoo,0,Có dây,434,Blue,749000
Bàn phím cơ không dây Leopold FC900RBT Milk Turquoise Brown switch,Leopold,0,Bluetooth 5.1 ,0,Cherry Brown ,3399000
Bàn phím cơ không dây Leopold FC900RBT Milk Turquoise Red switch,Leopold,0,Bluetooth 5.1 ,0,Cherry Brown ,3399000
Bàn phím cơ không dây Leopold FC900RBT White Dark Gray Black switch,Leopold,0,0,442,Cherry Brown,3599000
Bàn phím cơ Edra EK387L màu đen Blue Switch ,Edra,0,0,390x200x50 ,Huano ,499000
Bàn phím cơ Edra EK387L màu đen Brown sw ,Edra,0,0,390x200x50 ,Huano ,499000
Bàn phím cơ không dây Darmoshark K5 Grey RGB ,Darmoshark,0,0,32 * 11.1 * 4.05c,TTC Silent Red V3 Switch,1199000
Bàn phím cơ Edra EK387L màu đen Red sw ,Edra,0,0,390x200x50 ,Huano ,499000
Bàn phím cơ không dây Darmoshark K5 Gulf Racing RGB ,Darmoshark,0,0,32 * 11.1 * 4.05c,TTC Silent Red V3 Switch,1449000
Bàn phím cơ không dây Leopold FC900RBT White Green Brown switch,Leopold,0,0,442,Cherry Brown,3599000
Bàn phím cơ không dây AKKO 3108 RF Black on White ,Akko,0,USB Type-C to Type-A ,440 x 140 x 41,Akko Switch V3 Cream Yellow ,1499000
Bàn phím cơ không dây AKKO 3108 RF White on Black ,Akko,0,USB Type-C to Type-A ,440 x 140 x 41,Akko Switch V3 Cream Yellow ,1499000
Bàn phím cơ không dây AKKO 3108 RF Ocean Star ,Akko,0,USB Type-C to Type-A ,440 x 140 x 41,Akko Switch V3 Cream Yellow ,1499000
Bàn phím cơ không dây AKKO 3108 RF Matcha Red Bean ,Akko,0,USB Type-C to Type-A ,440 x 140 x 41,Akko Switch V3 Cream Yellow ,1499000
Bàn phím không dây Logitech Pop Keys TÍM ,Logitech,0,Bluetooth không dây tiết kiệm năng lượng ,"321,2 ",0,1999000
Bàn phím không dây Logitech Pop Keys XÁM ,Logitech,0,Bluetooth không dây tiết kiệm năng lượng ,"321,2 ",0,1999000
Bàn phím cơ AKKO ACR Pro Alice Plus - Spray paint White ,Akko,ACR Pro Alice Plus White,USB Type C to Type A ,380 x 150 x 21,Akko CS Crystal,2999000
Bàn phím cơ AKKO 3084B Plus Blue on White ,Akko,3084,"USB Type C, có thể tháo rời ",316 x 107 x 39,AKKO CS Switch ,2099000
Bàn phím cơ Steelseries Apex 7 RGB Red sw ,SteelSeries,Apex 7 Red Switch,"1.8 m, USB 2.0","Chiều cao: 40,3 ",Cơ học SteelSeries QX2 Red Switch,3299000
Bàn phím cơ AKKO 3098S Patrick ,Akko,0,"USB Type-C, có thể tháo rời",382 x 134 x 40 ,AKKO CS switch – Starfish,2599000
Bàn phím cơ Logitech G413 SE Tactile sw ,Logitech,0,Có dây,435 x 127 x 36.3 ,Tactile,1469000
Bàn Phím không dây Logitech K380 Bluetooth màu xám tối ,Logitech,920-007596,Bluetooth ,124 x 279 x 16 ,0,699000
Bàn phím cơ gaming có dây Rapoo V500 Pro White Cerulean ,Rapoo,0,Có dây,434,Blue,699000
Bàn phím cơ Razer BlackWidow V3 HALO Infinite Green sw ,Razer,RZ03-03542600-R3M1,0,0,80 triệu lượt nhấn,3839000
Bàn phím game MSI Vigor GK30 đen ,MSI,0,0,438 x 157 x 38,Giả Cơ,789000
Bàn phím game MSI Vigor GK30 trắng ,MSI,0,0,438 x 157 x 38,Giả Cơ,849000
Bàn phím cơ gaming có dây Rapoo V500 Pro Yellow Blue ,Rapoo,0,Có dây,434,Blue,749000
Bàn phím cơ gaming có dây Rapoo V500 Pro Yellow Blue ,Rapoo,0,Có dây,434,Blue,749000
Bàn phím cơ gaming có dây Rapoo V500 Pro Yellow Blue ,Rapoo,0,Có dây,434,Blue,749000
Bàn phím game MSI Vigor GK50 Elite đen ,MSI,0,0,435 x 135 x 38 ,Kailh Box White,1899000
Bàn phím cơ Newmen GE369R Red switch ,Newmen,GE369R,0,433*126*37,0,699000
Bàn phím cơ gaming có dây Rapoo V500 Pro Pink White ,Rapoo,0,Có dây,434,Blue,749000
Bàn phím cơ gaming có dây Rapoo V500 Pro Pink White ,Rapoo,0,Có dây,434,Blue,749000
Bàn phím cơ gaming có dây Rapoo V500 Pro Pink White ,Rapoo,0,Có dây,434,Blue,749000
Bàn phím Apple Magic with Numeric Keypad – ITS ,Apple,0,Bluetooth; Lightning port; Wireless,41.87 ,0,2899000
Bàn phím cơ Newmen GM390 ,Newmen,0,0,440x136x335,N-box ,939000
Bàn phím cơ không dây Edra EK314W Màu đen Brown Switch,Edra,EK314W,0,Full Size,Edra,479000
Bàn phím cơ Không dây FL-Esport FL750 SAM Marshmallow RGB Gasket Mount Kailh BOX V2 Red sw ,FL-Esports,Kailh BOX Coolmint ,0,0,Kailh BOX Coolmint ,2149000
Bàn phím cơ Không dây FL-Esport FL750 SAM Marshmallow RGB Gasket Mount Kailh BOX V2 Brown sw ,FL-Esports,Kailh BOX Coolmint ,0,0,Kailh BOX Coolmint ,2149000
Bàn phím cơ FLEsport FL980 SAM Cercis Rosa sw ,FL-Esports,0,USB ,0,Kailh Box White ,3199000
Bàn phím cơ gaming Lecoo KG1101 RGB đen Blue sw ,LECOO,0,0,435 ,Blue,499000
Bàn phím cơ không dây Edra EK314W Màu đen Blue Switch,Edra,EK314W,0,Full Size,Edra,479000
Bàn phím cơ Không dây FL-Esport FL750CPM Metal Heart RGB Kailh BOX V2 Red sw ,FL-Esports,Red Switch ,0,0,Kailh BOX Red V2 ,2199000
Bàn phím cơ không dây Edra EK314W Màu đen Red Switch,Edra,EK314W,0,Full Size,Edra,479000
Bàn phím cơ không dây Dareu EK807G đen Blue sw ,DAREU,0,Không dây 2.4GHz,0,Blue,509000
Bàn Phím ASUS ROG Strix Scope Deluxe ,Asus,Asus ROG Strix Scope NX TKL Deluxe,"Có dây, Type - C",0,ROG NX Mechanical Switches: Blue,3499000
Bàn phím game Asus ROG Strix Flare II NX ,Asus,0,0,435,ROG NX Mechanical,3399000
Bàn phím cơ có dây Fuhlen CK87S Black ,Fuhlen,CK87S,Cáp Type-C có thể tháo rời,0,0,1099000
Bàn phím cơ có dây Fuhlen CK87S Black ,Fuhlen,CK87S,Cáp Type-C có thể tháo rời,0,0,1099000
Bàn phím cơ có dây Fuhlen CK87S Black ,Fuhlen,CK87S,Cáp Type-C có thể tháo rời,0,0,1099000
Bàn phím cơ có dây Fuhlen CK87S Black ,Fuhlen,CK87S,Cáp Type-C có thể tháo rời,0,0,1099000
Bàn phím cơ gaming có dây Rapoo V500 Pro Purple ,Rapoo,0,Có dây,434,Red,799000
Bàn phím cơ gaming có dây Rapoo V500 Pro Purple ,Rapoo,0,Có dây,434,Red,799000
Bàn phím cơ gaming có dây Rapoo V500 Pro Purple ,Rapoo,0,Có dây,434,Red,799000
Bàn phím cơ AKKO 3087 Sailor Moon Crystal ,Akko,AKKO 3087 Sailor Moon Crystal,USB Type C to Type A ,360 x 140 x 40,Akko CS switch – Sakura,1899000
Bàn phím cơ AKKO 3098S One Piece ,Akko,AKKO 3098S One Piece,"USB Type C, có thể tháo rời",382 x 134 x 40 ,AKKO CS ,2599000
Bàn phím cơ Asus ROG Strix Scope Deluxe ,Asus,0,0,442x76x20 ,Cherry MX,3169000
Bàn phím cơ Edra EK387 RGB Dark Warrior Red sw ,Edra,0,0,365x145x45,E-Dra ,949000
Bàn phím cơ không dây Edra EK384W V2 Blue sw ,Edra,E-DRA EK384W V2,"USB, Bluetooth 5.0, 2.4G",0,"Blue, Brown, Red",1299000
Bàn phím cơ Không dây FL-Esport FL750 SAM Polar Night RGB Gasket Mount Kailh BOX V2 Red sw ,FL-Esports,0,USB ,0,"Kailh Box Brown, Kailh Box Red, Kailh Mx Cool Mint",2299000
Bàn phím cơ Không dây FL-Esport FL750 SAM Marshmallow RGB Gasket Mount Kailh Coolmint sw ,FL-Esports,Kailh BOX Coolmint ,0,0,Kailh BOX Coolmint ,2299000
Bàn phím cơ Không dây FL-Esport CMK87 SAM Marshmallow RGB Kailh BOX White sw ,FL-Esports,Brown Switch ,0,0,Kailh BOX V2 Brown ,3199000
Bàn phím cơ Không dây FL-Esport CMK87 SAM Marshmallow RGB Kailh BOX Red sw ,FL-Esports,Brown Switch ,0,0,Kailh BOX V2 Brown ,3199000
Bàn phím cơ gaming có dây Rapoo V500SE Đen Blue switch,Rapoo,V500SE,0,Full size,Rapoo Switch,599000
Bàn phím cơ gaming có dây Rapoo V500SE Đen Red switch,Rapoo,V500SE,0,Full size,Rapoo Switch,599000
Bàn phím cơ Steelseries Apex 7 TKL RGB Mechanical Red Switch US ,SteelSeries,0,0,"Dài 355,44 x Rộng 139,26 x Cao 40,44 ",SteelSeries QX2 Red,2999000
Bàn phím game không dây Corsair K70 Pro Mini đen Speed sw ,Corsair,K70 Pro Mini Wireless RGB LED 60% CH-9189014-NA,0,293 x 109 x 40,0,4299000
Bàn phím cơ không dây Edra EK361W V2 RGB Trắng Red sw ,Edra,0,0,291x101x39,Huano ,869000
Bàn phím Edra EK312 trắng Brown sw ,Edra,0,0,440x130x35 ,E-Dra ,549000
Bàn phím cơ không dây Edra EK361W V2 RGB Trắng Blue sw ,Edra,0,0,291x101x39,Huano ,869000
Bàn phím Edra EK312 trắng Red sw ,Edra,0,0,440x130x35 ,E-Dra ,549000
Bàn phím cơ không dây Edra EK361W V2 RGB Trắng Brown sw ,Edra,0,0,291x101x39,Huano ,869000
Bàn phím cơ không dây Edra EK361W V2 RGB Đen Brown sw ,Edra,0,0,291x101x39,Huano ,849000
Bàn phím cơ không dây Edra EK3187W RGB Đen Blue sw ,Edra,0,0,390x200x50 ,Huano ,1049000
Bàn phím cơ không dây Edra EK3187W RGB Đen Brown sw ,Edra,0,0,390x200x50 ,Huano ,1049000
Bàn phím cơ không dây Edra EK3187W RGB Đen Red sw ,Edra,0,0,390x200x50 ,Huano ,1049000
Bàn phím cơ Edra EK387L màu trắng Blue sw ,Edra,EK387L White,USB Type C,TKL,Blue ,559000
Bàn phím Edra EK312 trắng Blue sw ,Edra,0,0,440x130x35 ,E-Dra ,549000
Bàn phím cơ FL-Esports FL100CPM White Body Marshmallow 3 Mode Ice Pink switch ,FL-Esports,FL100CPM,0,Fullsize,"FLCMMK Ice Pink Switch,,FLCMMK Ice Violet Switch,FLCMMK Ice Blue Switch",2099000
Bàn phím cơ FL-Esports FL100CPM Black Carbon Body White Olivia Ice Blue switch ,FL-Esports,FL100CPM,0,Fullsize,"FLCMMK Ice Pink Switch,,FLCMMK Ice Violet Switch,FLCMMK Ice Blue Switch",2099000
Bàn phím cơ FL-Esports FL100CPM Black Carbon Body White Olivia Ice Violet switch ,FL-Esports,FL100CPM,0,Fullsize,"FLCMMK Ice Pink Switch,,FLCMMK Ice Violet Switch,FLCMMK Ice Blue Switch",2099000
Bàn phím cơ FL-Esports FL100CPM Black Carbon Body White Olivia Ice Pink switch ,FL-Esports,FL100CPM,0,Fullsize,"FLCMMK Ice Pink Switch,,FLCMMK Ice Violet Switch,FLCMMK Ice Blue Switch",2099000
Bàn phím không dây Logitech K650 Off White ,Logitech,920-010955,Bluetooth 5.1,"193,5 x 457,3 x 24 ",0,949000
Bàn phím không dây Logitech K650 Graphite ,Logitech,920-010955,Bluetooth 5.1,"193,5 x 457,3 x 24 ",0,949000
Bàn phím game Asus ROG Strix Scope RX Blue switch ,Asus,0,USB 2.0,440x137x39 ,0,2299000
Bàn phím cơ không dây Newmen GM840 Pro Yellow sw ,Newmen,0,0,310x121x39,KailhBox  ,1799000
Bàn phím game không dây Rapoo V500 Pro Red switch,Rapoo,Rapoo V500 Pro Wireless,Wireless 2.4GHz,Dài 43.2 c,"Rapoo Blue, Red Switch",649000
Bàn phím văn phòng Lecoo KB102,LECOO,KB1,0,0,0,149000
Bàn phím cơ Edra EK3104 Pink V2 Blue sw ,Edra,0,0,446x200x50 ,E-Dra ,839000
Bàn phím cơ Edra EK3104 Pink V2 Brown sw ,Edra,0,0,446x200x50 ,E-Dra ,839000
Bàn phím cơ Corsair K95 Platinum XT RGB Cherry Blue switch ,Corsair,K95 RGB Platinum XT,"Có dây, USB",0,Cherry® MX,3899000
Bàn phím game MSI Vigor GK50 TKL đen ,MSI,0,0,354 x 140 x 33 ,Kailh Low Profile White Clicky,1929000
Bàn phím không dây Logitech Pop Keys Blast Yellow ,Logitech,0,Bluetooth không dây tiết kiệm năng lượng ,"321,2 ",0,1979000
Bàn phím cơ Logitech G Pro ,Logitech,0,Dây cáp rời,Dài 361 x Rộng 153 x Cao 34,Logitech GX Switch Blue,2199000
Bàn phím Cơ Gaming HP HyperX Alloy Origins - Blue Switch ,HyperX,HyperX Alloy Origins,USB Type-C to USB Type-A,442-132-36,HyperX switch Red,2599000
Bàn phím cơ không dây Newmen GM840 Pro White sw ,Newmen,0,0,310x121x39,KailhBox  ,1849000
Bàn phím cơ không dây Newmen GM840 Pro Red sw ,Newmen,0,0,310x121x39,KailhBox  ,1849000
Bàn phím cơ không dây Newmen GM1000 Red sw ,Newmen,0,0,368x120x39,KailhBox  ,1999000
Bàn phím cơ không dây Newmen GM1000 Silvery sw ,Newmen,0,0,368x120x39,KailhBox  ,1999000
Bàn phím số Rapoo K10 đen ,Rapoo,K10,0,151 * 88 * 26,0,119000
Bàn phím cơ Edra EK3104 White Blue sw ,Edra,0,0,446x200x50 ,Huano ,839000
Bàn phím cơ không dây Fuhlen H95S Panda CSA Brown sw ,Fuhlen,H95S Panda 3 Mode Wireless,0,0,Fuhlen Pro ,2499000
Bàn phím Edra EK313 Blue sw ,Edra,0,0,440x130x35 ,YH Blue,479000
Bàn phím Asus ROG Strix Scope NX Blue sw,Asus,0,USB 2.0,440 x 137 x 39,Blue Switch,2899000
Bàn phím không dây Newmen K10 đen ,Newmen,K10,4 thiết bị cùng lúc ,0,0,649000
Bàn phím không dây Newmen K10 trắng ,Newmen,K10,4 thiết bị cùng lúc ,0,0,649000
Bàn phím game Razer DeathStalker V2 Low Profile Optical ,Razer,Razer DeathStalker V2,0,Fullsize,Red,3389000
Bàn phím Asus ROG Strix Scope NX TKL Red sw,Asus,0,0,356 x 75 x 21 ,ROG NX Mechanical,2689000
Bàn phím cơ không dây Newmen GM1000 Dual Mode Spring White sw ,Newmen,0,"2.4G, BT5.0",368x120x39,Kailbox White,1989000
Bàn phím cơ không dây Newmen GM1000 Dual Mode Spring Yellow sw ,Newmen,0,"2.4G, BT5.0",368x120x39,G-Pro Yellow,1889000
Bàn phím cơ không dây Newmen GM1080 Dual Mode Red switch ,Newmen,0,"2.4G, BT5.0",441.5x138x36,Kailhbox Red,2249000
Bàn phím cơ không dây Newmen GM1080 Dual Mode Yellow switch ,Newmen,0,"2.4G, BT5.0",441.5x138x36,G-Pro Yellow,2389000
Bàn phím Asus ROG Strix Scope NX Deluxe Blue sw,Asus,0,USB 2.0,440 x 137 x 39,Blue Switch,2999000
Bàn phím Asus ROG Strix Scope NX Deluxe Red sw,Asus,0,USB 2.0,440 x 137 x 39,Red Switch,2999000
Bàn phím cơ Logitech G Pro X RGB Lightsync ,Logitech,0,Dây cáp rời,Dài 361 x Rộng 153 x Cao 34,Logitech GX,2399000
Bàn phím game MSI Vigor GK20 đen ,MSI,0,0,455.2 x 171.3 x 34.3 ,Membrane,649000
Bàn phím Rapoo GK500 đen ,Rapoo,0,0,438*130*37,Rapoo switch,799000
Bàn phím cơ không dây Leopold FC980MBT Blue Star Brown sw ,Leopold,0,0,387,Cherry Brown,3969000
Bàn phím cơ không dây Leopold FC900RBT Blue Star Silent Red sw ,Leopold,0,0,442,Cherry Brown,3769000
Bàn phím cơ không dây Leopold FC900RBT Blue Star Brown sw ,Leopold,0,0,442,Cherry Brown,3769000
Bàn phím cơ không dây Newmen GM840 Pro Hush V3 Super Silent ,Newmen,0,0,310x121x39,KailhBox  ,2689000
Bàn phím Asus ROG Strix Scope NX TKL Moonlight Red sw,Asus,0,0,"356 x 136,2 x 39,7",ROG NX Mechanical,3129000
Bàn phím Asus ROG Strix Scope NX TKL Moonlight Blue sw,Asus,0,0,"356 x 136,2 x 39,7",ROG NX Mechanical,3129000
Bàn phím cơ FLEsport CMK87 CPM Metal Heart RGB 3 Mode White sw ,FL-Esports,0,Wireless 2.4Ghz ,0,White ,3469000
Bàn phím cơ FLEsport CMK87 CPM Metal Heart RGB 3 Mode Red sw ,FL-Esports,0,Wireless 2.4Ghz ,0,White ,3469000
Bàn phím không dây Microsoft All-in-One Media - N9Z-00028,Microsoft,All-in-One Media - N9Z-00028,Không dây,"Chiều dài: 14.4"" ",0,849000
Bàn phím Dell KB216B ,Dell,KB2,Có dây USB,0,0,249000
Bàn phím cơ AKKO 5108 World Tour Tokyo R2 - Gateron Orange ,Akko,0,"USB Type C, có thể tháo rời",442x132x41,AKKO x Gateron Orange ,1799000
Bàn phím cơ AKKO MonsGeek MG108 Black & Cyan ,Akko,0,USB Type-C to Type-A ,445.5 x 137.5 x 41.8,AKKO CS switch ,999000
Bàn phím AKKO 3087 RF Ocean Star ,Akko,0,USB Type-C to Type-A ,360 x 140 x 40,0,919000
Bàn phím AKKO 3096 World Tour Tokyo R2 ,Akko,3096 ,"USB Type C, có thể tháo rời",0,Akko switch ,1149000
Bàn phím cơ không dây Newmen GM335 Dual Mode Red sw ,Newmen,0,0,436x129x40,N-box ,949000
Bàn phím cơ không dây Fuhlen T87S Pro Black Blue Switch,Fuhlen,T87s Pro Wireless,0,358x130x40,Switch HUANO Red,1199000
Bàn phím cơ không dây AKKO 3068B Plus Multi-modes Prunus Lannesiana ,Akko,3068BP-BoW-AKKOCS-JellyPurple ,Không dây: Bluetooth 5.0 và USB 2.4GHz,316 x 107 x 39,60 triệu lượt nhấn,1849000
Bàn phím cơ Fuhlen D87S RGB trắng Red sw ,Fuhlen,D87S RGB,0,358x130x40,Switch RED,899000
Bàn phím cơ Fuhlen D87S RGB trắng Brown sw ,Fuhlen,D87S RGB,0,358x130x40,Switch Brown,899000
Bàn phím cơ Fuhlen D87S RGB trắng Blue sw ,Fuhlen,D87S RGB,0,358x130x40,Switch Blue,899000
Bàn phím game Corsair K70 RGB Pro Blue sw ,Corsair,0,0,444,CHERRY® MX Red,3499000
Bàn phím cơ AULA F87 3 mode Trắng xám ,AULA,0,0,435 ,Grey wood switch,1399000
Bàn phím cơ không dây Fuhlen T87S Pro Black Brown Switch,Fuhlen,T87s Pro Wireless,0,358x130x40,Switch HUANO Red,1399000
Bàn phím cơ không dây Fuhlen T87S Pro Black Yellow Switch,Fuhlen,T87s Pro Wireless,0,358x130x40,Switch HUANO Red,1399000
Bàn phím cơ không dây Fuhlen T87S Pro Black Red Switch,Fuhlen,T87s Pro Wireless,0,358x130x40,Switch HUANO Red,1399000
Bàn phím cơ không dây Zifriend ZA68 Pro 3 Mode ,Ziefiend,0,"Có cắm dây, Usb Receiver và Bluetooth",327 * 114 * 43,Pink,919000
Bàn phím cơ không dây Fuhlen H95S Panda CSA Red Pro sw ,Fuhlen,H95S Panda 3 Mode Wireless,0,0,Fuhlen Pro ,2299000
Bàn phím cơ không dây Edra EK396W V2 Blue sw ,Edra,E-DRA EK396W V2,Bluetooth 5.0,0,"Blue, Brown, Red",1349000
Bàn phím cơ không dây Edra EK361W V2 RGB Đen Blue sw ,Edra,0,0,291x101x39,Huano ,799000
Bàn phím cơ không dây Razer BlackWidow V3 Mini HyperSpeed - Yellow Switch ,Razer,0,Razer™Hyperspeed Wireless ,65%,Razer™ Yellow mechanical Switch,2599000
Bàn phím gaming Corsair K55 CORE RGB ,Corsair,CH-9226C65-NA,USB 2.0 Loại A,0,0,999000
Bàn phím cơ Corsair K63 Cherry MX Red ,Corsair,0,0,365 x 171 x 41 ,CHERRY MX Red,1799000
Bàn Phím Gaming Mountain Everest Max Gray MX Red switch ,Mountain,Everest Max,USB loại C,265x461x43,Cherry MX,7999000
Bàn Phím Gaming Mountain Everest Max Gray MX Silent switch ,Mountain,Everest Max,USB loại C,265x461x43,Cherry MX,7999000
Bàn Phím Gaming Mountain Everest Max Black MX Blue switch ,Mountain,Everest Max,USB loại C,265x461x43,Cherry MX,7999000
Bàn Phím Gaming Mountain Everest Max Black MX Silent switch ,Mountain,Everest Max,USB loại C,265x461x43,Cherry MX,7999000
Bàn Phím Gaming Mountain Everest Max Gray MX Blue switch ,Mountain,Everest Max,USB loại C,265x461x43,Cherry MX,7999000
Bàn phím cơ không dây Edra EK384W V2 Red sw,Edra,E-DRA EK384W V2,"USB, Bluetooth 5.0, 2.4G",0,"Blue, Brown, Red",1299000
Bàn phím cơ AKKO 3068 v2 RGB - White ,Akko,AKKO 3068 v2 RGB White,"USB Type-C to Type-A, có thể tháo rời",316 x 107 x 39 ,Akko CS switch ,1499000
Bàn phím cơ FL-Esports FL980 CPS White Olivia Kailh Box Brown switch,FL-Esports,0,USB,Fullsize,"White, Brown, Red",1199000
Bàn phím cơ FL-Esports FL980 CPS Aqua Green Kailh Box Brown switch,FL-Esports,0,USB,Fullsize,"White, Brown, Red",1199000
Bàn phím cơ không dây Fuhlen H95S Panda CSA Ice Crystal Switch,Fuhlen,H95S Panda 3 Mode Wireless,Có dây,0,Fuhlen Pro ,2299000
Bàn phím cơ không dây Fuhlen H95S Panda CSA Blue Switch,Fuhlen,H95S Panda 3 Mode Wireless,Có dây,0,Fuhlen Pro ,2299000
Bàn phím cơ có dây Fuhlen CK87S Smoke Panda CSA ,Fuhlen,CK87S,Cáp Type-C có thể tháo rời,0,0,1399000
Bàn phím cơ không dây Fuhlen T87S Pro White Yellow Switch,Fuhlen,T87s Pro Wireless,0,358x130x40,Switch HUANO Red,1549000
"Bàn phím cơ FL-Esports CMK75 Desert Grey, FLCMMK Ice Violet Switch",FL-Esports,FLCMMK Ice Pink Switch ,0,0,FLCMMK Ice Pink ,2399000
Bàn phím cơ Edra EK3104 Lạc Hồng White Led Red sw ,Edra,0,0,446x200x50 ,Gateron ,1689000
Bàn phím cơ IKBC CD108HR Dolch Brown sw ,iKBC,CD108HR,Có dây,0,Gateron G Pro Blue ,1839000
Bàn phím cơ IKBC CD87HR Dolch Red sw ,iKBC,CD87HR,Có dây,0,Gateron G Pro Blue ,1629000
Bàn phím không dây Corsair K65 CSR RED-BLK-GLD ,Corsair,CH-91D421L-NA,Không dây: 2.4Ghz và Bluetooth,Đang cập nhật,0,3999000
Bàn phím cơ gaming có dây Rapoo V500 Pro White Cerulean ,Rapoo,0,Có dây,434,Blue,789000
Bàn phím cơ gaming có dây Rapoo V500 Pro Pink White ,Rapoo,0,Có dây,434,Blue,789000
Bàn phím cơ gaming có dây Rapoo V500 Pro White Cerulean ,Rapoo,0,Có dây,434,Blue,789000
Bàn phím cơ gaming có dây Rapoo V500 Pro White Cerulean ,Rapoo,0,Có dây,434,Blue,789000
Bàn phím giả cơ Corsair K55 RGB Pro ,Corsair,CH-9226765-NA,Có dây USB 2.0 Loại A,0,0,1199000
Bàn phím Cơ Gaming HP HyperX Alloy Elite 2 – Mechanical HX Red-US,HyperX,4P5N3AA,0,0,80 triệu lượt nhấn,2799000
Bàn phím cơ gaming AULA F3001 3 mode ,AULA,0,3 mode có dây Type-C & không dây 2.4G & BT,"356,5 × 136,9 × 43,30 ±0,2 ",Blue switch,799000
Bàn phím cơ có dây Fuhlen CK87S Smoke Panda CSA ,Fuhlen,CK87S,Cáp Type-C có thể tháo rời,0,0,1399000
Bàn phím cơ Fuhlen D87S RGB đen Brown sw ,Fuhlen,D87S RGB,0,358x130x40,Switch Brown,899000
Bàn phím cơ không dây Fuhlen T87S Pro White Red Switch,Fuhlen,T87s Pro Wireless,0,358x130x40,Switch HUANO Red,1549000
Bán phím cơ không dây Fuhlen T87S Pro White Brown Switch,Fuhlen,T87s Pro Wireless,0,358x130x40,Switch HUANO Red,1549000
Bàn phím cơ không dây Edra EK396W V2 Brown sw ,Edra,E-DRA EK396W V2,Bluetooth 5.0,0,"Blue, Brown, Red",1389000
Bàn phím cơ game Edra EK387FL RGB Polar night Yellow sw ,Edra,0,Có dây,362 x 138 x 39,Gateron switch Blue ,1199000
Bàn phím cơ không dây Edra EK396W V2 Brown sw ,Edra,E-DRA EK396W V2,Bluetooth 5.0,0,"Blue, Brown, Red",1389000
Bàn phím cơ Không dây FL-Esport CMK68 SAM Marshmallow RGB Kailh Clione Limacina sw ,FL-Esports,0,"USB, Bluetooth, 2.4G",0,Gateron Pro White ,2909000
Bàn phím cơ Không dây FL-Esport CMK68 SAM Marshmallow RGB Kailh Deep Sea Silent sw ,FL-Esports,0,"USB, Bluetooth, 2.4G",0,Gateron Pro White ,2909000
Bàn phím cơ Không dây FL-Esport CMK68 SAM Marshmallow RGB Kailh Jellyfish sw ,FL-Esports,0,"USB, Bluetooth, 2.4G",0,Gateron Pro White ,2909000
Bàn phím cơ FLEsport FL980 SAM Cercis Red sw ,FL-Esports,0,USB ,0,Kailh Box White ,2899000
Bàn phím cơ Không dây FL-Esport CMK68 SAM Metal Heart RGB Kailh Deep Sea Silent sw ,FL-Esports,Kailh Clione Limacina ,0,0,Kailh Deep Sea Silent ,2909000
Bàn phím cơ Không dây FL-Esport CMK68 SAM Metal Heart RGB Kailh Jellyfish sw ,FL-Esports,Kailh Clione Limacina ,0,0,Kailh Deep Sea Silent ,2909000
Bàn phím cơ Không dây FL-Esport CMK68 SAM Metal Heart RGB Kailh Clione Limacina sw ,FL-Esports,Kailh Clione Limacina ,0,0,Kailh Deep Sea Silent ,2909000
Bàn phím cơ không dây Newmen GM680 Dual Mode Red sw ,Newmen,0,0,312x102x36.5,Outemu Box ,1299000
Bàn phím cơ AKKO 3068 v2 RGB - White ,Akko,AKKO 3068 v2 RGB White,"USB Type-C to Type-A, có thể tháo rời",316 x 107 x 39 ,Akko CS switch ,1499000
Bàn phím cơ AKKO 3084B Plus Black & Gold ,Akko,3084,"USB Type C, có thể tháo rời ",315 x 126 x 38 ,AKKO CS Switch ,2099000
Bàn phím cơ AKKO MOD007 PC Orange on Black ,Akko,0,Có dây,333 x 147 x 32 ,AKKO CS Switch – Piano,2599000
Bàn phím Vortex 8700 Multix Summer Brown sw ,Vortex,0,0,362,Gateron G Pro Brown,2699000
Bàn phím Vortex 8700 Multix Summer Yellow sw ,Vortex,0,0,362,Gateron G Pro Brown,2699000
Bàn phím Vortex 8700 Multix Summer Silver sw ,Vortex,0,0,362,Gateron G Pro Brown,2499000
Bàn phím game MSI Vigor GK50 đen ,MSI,0,0,435 x 141 x 34 ,Kailh Low Profile,1999000
Bàn phím cơ AKKO 3084B Plus Black & Pink ,Akko,3084,"USB Type C, có thể tháo rời ",315 x 126 x 38 ,AKKO CS Switch ,2099000
Bàn phím Apple Magic with Numeric Keypad – US English ,Apple,0,Bluetooth; Lightning port; Wireless,41.87 ,0,3399000
Bàn phím Apple Magic – ITS ,Apple,0,Bluetooth; Lightning port; Wireless,27.9 ,0,2699000
Bàn phím cơ Không dây FL-Esport FL750CPM White Olivia RGB Gateron Pro Yellow sw ,FL-Esports,White Switch ,0,0,Gateron Pro Yellow ,2199000
Bàn phím cơ Không dây FL-Esport FL750CPM White Olivia RGB Kailh BOX V2 Red sw ,FL-Esports,White Switch ,0,0,Gateron Pro Yellow ,2199000
Bàn phím không dây HyperONE KB2 ,HyperWork,KB2,Bluetooth 5.1,430 x 115 x 20,0,599000
Bàn phím không dây HyperONE KB1 ,HyperWork,KB1,Bluetooth 5.1,325 x 115 x 20,0,649000
Bàn phím cơ gaming không dây Razer BlackWidow V3 Pro - Yellow Switch RZ03-03531700-R3M1,Razer,0,Có dây,Full-Size,Razer™ Yellow Mechanical Switch,4499000
Bàn Phím ASUS TUF Gaming K7 ,Asus,TUF Gaming K7,0,Fullsize,Optical Switch,1829000
Bàn phím cơ Edra EK387L RGB màu đen Red sw ,Edra,EK387L RGB,USB Type C,TKL,Blue ,649000
Bàn phím cơ Không dây FL-Esport CMK87 SAM Tropical Forest RGB Kailh BOX Marshmallow sw ,FL-Esports,Kailh BOX Coolmint ,0,0,Kailh box Tropical Forest Switch ,3849000
Bàn phím cơ Không dây FL-Esport CMK87 SAM Tropical Forest RGB Kailh BOX Tropical Forest sw ,FL-Esports,Kailh BOX Coolmint ,0,0,Kailh box Tropical Forest Switch ,3849000
Bàn phím cơ Không dây FL-Esport CMK87 SAM Tropical Forest RGB Kailh MX Coolmint sw ,FL-Esports,Kailh BOX Coolmint ,0,0,Kailh box Tropical Forest Switch ,3849000
Bàn phím cơ Không dây FL-Esport FL750CPM White Olivia RGB Gateron Pro White sw ,FL-Esports,White Switch ,0,0,Gateron Pro Yellow ,2359000
Bàn phím cơ Không dây FL-Esport FL750CPM Metal Heart RGB Kailh BOX V2 Brown sw ,FL-Esports,Red Switch ,0,0,Kailh BOX Red V2 ,2359000
Bàn phím cơ Không dây FL-Esport CMK87 SA Polar Night RGB Kailh BOX Cool Mint sw ,FL-Esports,0,USB,0,Kailh Box,3139000
Bàn phím cơ Không dây FL-Esport FL750 SAM Polar Night RGB Gasket Mount Kailh BOX V2 Brown sw ,FL-Esports,0,USB ,0,"Kailh Box Brown, Kailh Box Red, Kailh Mx Cool Mint",2299000
Bàn phím cơ Không dây FL-Esport FL750 SAM Polar Night RGB Gasket Mount Kailh Clione Limacina sw ,FL-Esports,0,USB ,0,"Kailh Box Brown, Kailh Box Red, Kailh Mx Cool Mint",2669000
Bàn phím cơ gaming có dây Rapoo V500 Pro Cyan Blue ,Rapoo,0,Có dây,434,Blue,899000
Bàn phím cơ Newmen GE369R Brown switch ,Newmen,GE369R,0,433*126*37,0,799000
Bàn phím cơ Edra EK387L màu trắng Brown sw ,Edra,EK387L White,USB Type C,TKL,Blue ,559000
Bàn phím cơ Edra EK387L màu trắng Red sw ,Edra,EK387L White,USB Type C,TKL,Blue ,559000
Bàn phím cơ FL-Esports FL100CPM White Body-Gradient Pink Ice Pink switch ,FL-Esports,FL100CPM,0,Fullsize,"FLCMMK Ice Pink Switch,,FLCMMK Ice Violet Switch,FLCMMK Ice Blue Switch",2099000
Bàn phím cơ FL-Esports FL100CPM White Body Marshmallow 3 Mode Ice Violet switch ,FL-Esports,FL100CPM,0,Fullsize,"FLCMMK Ice Pink Switch,,FLCMMK Ice Violet Switch,FLCMMK Ice Blue Switch",2099000
Bàn Phím ASUS ROG Strix Scope RX PBT Blue Switch ,Asus,Asus ROG Strix Scope RX - RX Blue Switch,USB,440 x 137 x 39,RX Blue Switch,2699000
Bàn phím cơ Không dây FL-Esport CMK87 SAM Marshmallow RGB Kailh BOX Brown sw ,FL-Esports,Brown Switch ,0,0,Kailh BOX V2 Brown ,3439000
Bàn phím game MSI Vigor GK71 Sonic đen ,MSI,0,0,442.5 x 138 x 41 ,MSI SONIC RED,2849000
Bàn phím game MSI Vigor GK50 Elite đen ,MSI,0,0,435 x 135 x 38 ,Kailh Blue Switch,1799000
Bàn phím cơ Razer Tartarus Pro Analog Optical Gaming Keypad RGB Chroma Black ,Razer,RZ07-03110100-R3M1,Dây cáp rời bọc dù,0,Analog Optical,3289000
Bàn phím cơ FLEsport CMK87 CPM Metal Heart RGB 3 Mode Coolmint sw ,FL-Esports,0,Wireless 2.4Ghz ,0,White ,3689000
Bàn phím cơ FLEsport CMK87 CPM Metal Heart RGB 3 Mode ,FL-Esports,0,Wireless 2.4Ghz ,0,White ,3689000
Bàn phím cơ không dây Leopold FC980MBT Blue Star Red sw ,Leopold,0,0,387,Cherry Brown,3969000
Bàn phím cơ không dây Leopold FC750RBT Blue Star Silent Red sw ,Leopold,0,0,362,Cherry Brown,3569000
Bàn phím cơ không dây Leopold FC750RBT Blue Star Red sw ,Leopold,0,0,362,Cherry Brown,3569000
Bàn phím cơ không dây Leopold FC750RBT Blue Star Blue sw ,Leopold,0,0,362,Cherry Brown,3569000
Bàn phím cơ không dây Leopold FC750RBT Blue Star Brown sw ,Leopold,0,0,362,Cherry Brown,3569000
Bàn phím cơ không dây Leopold FC900RBT Blue Star Red sw ,Leopold,0,0,442,Cherry Brown,3769000
Bàn phím cơ không dây Leopold FC900RBT Blue Star Blue sw ,Leopold,0,0,442,Cherry Brown,3769000
Bàn phím cơ Không dây Mistel Bunny X8 BT Blue sw ,Mistel,0,0,442,Cherry Brown,2899000
Bàn phím cơ Không dây Mistel Bunny X8 BT Red sw ,Mistel,0,0,442,Cherry Brown,2899000
Bàn phím cơ Không dây Mistel X8 Gloaming BT Red sw ,Mistel,0,0,442,Cherry Brown,2899000
Bàn phím cơ Không dây Mistel X8 Gloaming BT Blue sw ,Mistel,0,0,442,Cherry Brown,2899000
Bàn phím cơ Không dây Mistel X8 Gloaming BT Red Silent sw ,Mistel,0,0,442,Cherry Brown,2899000
